Source,Target,Type,Weight
Natália Lage,Bizarre Fish from the Abyssal Zone,Directed,1
Guilherme Briggs,Bizarre Fish from the Abyssal Zone,Directed,1
Rodrigo Santoro,Bizarre Fish from the Abyssal Zone,Directed,1
Marão,Bizarre Fish from the Abyssal Zone,Directed,1
Leticia Friedrich,Bizarre Fish from the Abyssal Zone,Directed,1
Fernando Miller,Bizarre Fish from the Abyssal Zone,Directed,1
Alessandro Monnerat,Bizarre Fish from the Abyssal Zone,Directed,1
Yohana Lazarova,Bizarre Fish from the Abyssal Zone,Directed,1
Rosaria,Bizarre Fish from the Abyssal Zone,Directed,1
Ana Luiza Pereira,Bizarre Fish from the Abyssal Zone,Directed,1
Duda Larson,Bizarre Fish from the Abyssal Zone,Directed,1
Hanna Queiroz,Fuligem,Directed,1
Giovanna Rubio Rotter,Fuligem,Directed,1
Michele Manoel,Fuligem,Directed,1
Isabela Lisboa,Fuligem,Directed,1
Letícia Catala,Fuligem,Directed,1
Gabriela Dyminski,Fuligem,Directed,1
Ella Gebara,Fuligem,Directed,1
Manoella Ferraz,Fuligem,Directed,1
Rafaela Araujo,Fuligem,Directed,1
Luiza Helena Alves,Um Festival Pela Vida Das Mulheres,Directed,1
Juliana Koetz,Um Festival Pela Vida Das Mulheres,Directed,1
Márcio Coutinho,Quer Que Eu Saia?,Directed,1
Ana Luiza Siqueira,Vila dos Criadores: O Direito de (R)Existir,Directed,1
Givanildo Batista,Vila dos Criadores: O Direito de (R)Existir,Directed,1
Adriana C. M. Duarte,Vila dos Criadores: O Direito de (R)Existir,Directed,1
Lucas Manuel Alves dos Santos,Vila dos Criadores: O Direito de (R)Existir,Directed,1
Denise Costa dos Santos,Vila dos Criadores: O Direito de (R)Existir,Directed,1
Letícia Fernanda da Silva,Vila dos Criadores: O Direito de (R)Existir,Directed,1
Mariane Prado,Vila dos Criadores: O Direito de (R)Existir,Directed,1
Tainá Muniz,Vila dos Criadores: O Direito de (R)Existir,Directed,1
André Job,As Cinzas de Pedro,Directed,1
Fernando Mendes,As Cinzas de Pedro,Directed,1
Lucas Spada,As Cinzas de Pedro,Directed,1
Isadora Siciliano Carrete,As Cinzas de Pedro,Directed,1
Fábio Santos,As Cinzas de Pedro,Directed,1
Guilherme Henrique Alves,As Cinzas de Pedro,Directed,1
Leonardo Mendonça,As Cinzas de Pedro,Directed,1
Giulia Collet,As Cinzas de Pedro,Directed,1
Lucas Alexandre,As Cinzas de Pedro,Directed,1
Pedro Melo,As Cinzas de Pedro,Directed,1
Pedro Pupo,As Cinzas de Pedro,Directed,1
Beatriz Nominato,As Cinzas de Pedro,Directed,1
Lucas Buli,As Cinzas de Pedro,Directed,1
Tais Medeiros,As Cinzas de Pedro,Directed,1
Carol Brant,As Cinzas de Pedro,Directed,1
André Piascentini Feitosa,As Cinzas de Pedro,Directed,1
Marcelo “PIG” Bosio,As Cinzas de Pedro,Directed,1
Catarina goncalves,As Cinzas de Pedro,Directed,1
Lucas Pontes,As Cinzas de Pedro,Directed,1
André Cerf,As Cinzas de Pedro,Directed,1
Maria das Mêrces,As Conspirações Alienígenas: part. I,Directed,1
Carlos Henrique,As Conspirações Alienígenas: part. I,Directed,1
Vasilios Papapitsio,PARAPRONOIA,Directed,1
Priscilla Colombi,Anita – A Guerreira de Dois Mundos,Directed,1
Cassiano Ranzolin,Anita – A Guerreira de Dois Mundos,Directed,1
Werner Schünneman,Anita – A Guerreira de Dois Mundos,Directed,1
Jackson Antunes,Anita – A Guerreira de Dois Mundos,Directed,1
Marcos Verza,Anita – A Guerreira de Dois Mundos,Directed,1
Sirmar Antunes,Anita – A Guerreira de Dois Mundos,Directed,1
Luis Franke,Anita – A Guerreira de Dois Mundos,Directed,1
Andressa Matos,Anita – A Guerreira de Dois Mundos,Directed,1
Leandro Shirmer,Anita – A Guerreira de Dois Mundos,Directed,1
Cássio Nascimento,Anita – A Guerreira de Dois Mundos,Directed,1
Guilherme Suman,Anita – A Guerreira de Dois Mundos,Directed,1
Zé Victor Castiel,Anita – A Guerreira de Dois Mundos,Directed,1
Marcello Crawshaw,Anita – A Guerreira de Dois Mundos,Directed,1
Rose Canal,Anita – A Guerreira de Dois Mundos,Directed,1
Cléo Ávila,Anita – A Guerreira de Dois Mundos,Directed,1
Renan Fagundes,Anita – A Guerreira de Dois Mundos,Directed,1
Pirisca Grecco,Anita – A Guerreira de Dois Mundos,Directed,1
Joca Martins,Anita – A Guerreira de Dois Mundos,Directed,1
Lilian Zoldan,Anita – A Guerreira de Dois Mundos,Directed,1
Liliana Cardoso,Anita – A Guerreira de Dois Mundos,Directed,1
Marcel Colares,Anita – A Guerreira de Dois Mundos,Directed,1
Leonardo Souza,Anita – A Guerreira de Dois Mundos,Directed,1
Mislaine Oliveira,Anita – A Guerreira de Dois Mundos,Directed,1
Thalysson de Oliveira,Anita – A Guerreira de Dois Mundos,Directed,1
Vanda Duarte,Anita – A Guerreira de Dois Mundos,Directed,1
Victor Hugo de Aquino,Anita – A Guerreira de Dois Mundos,Directed,1
Gustavo Crus,Anita – A Guerreira de Dois Mundos,Directed,1
Guilherme Ferreira,Anita – A Guerreira de Dois Mundos,Directed,1
Rafael Borba,Anita – A Guerreira de Dois Mundos,Directed,1
Thiago Suman,Anita – A Guerreira de Dois Mundos,Directed,1
João Pedro Gottardo,Anita – A Guerreira de Dois Mundos,Directed,1
Paulo Rosa,Anita – A Guerreira de Dois Mundos,Directed,1
Lucas Arenhardt,Anita – A Guerreira de Dois Mundos,Directed,1
Eduardo Antunes,Anita – A Guerreira de Dois Mundos,Directed,1
Duca Duarte,Anita – A Guerreira de Dois Mundos,Directed,1
Pollyana Castro,Quem eu quero ser,Directed,1
Vanessa Castro,Panacéia,Directed,1
Márcia Duarte,Panacéia,Directed,1
Camila Kupac,Panacéia,Directed,1
Moysés Victorino,Panacéia,Directed,1
Victória Citton,Panacéia,Directed,1
Giovana Morais,Panacéia,Directed,1
Giovanna Morais,Panacéia,Directed,1
jorge mendez,Panacéia,Directed,1
Ian Garcia,Panacéia,Directed,1
Luana Garczynski Alvim,Panacéia,Directed,1
Ariel Barcelos,Panacéia,Directed,1
Ingrid Dupont,Maré,Directed,1
Gabriel Kudla,Comprimidos,Directed,1
Heloísa Marshall,Comprimidos,Directed,1
Raí Benetti,Comprimidos,Directed,1
Felipe Liscano,Comprimidos,Directed,1
Marcos Kligman,Comprimidos,Directed,1
Dionata Mosley,Comprimidos,Directed,1
Adrielle Figueró,Fobia,Directed,1
Bemok Txucarramãe,Wamã Mekarõ,Directed,1
Simone Giovine,"Tuire, O Gesto do Facão",Directed,1
Ivich,Raoni. A descida do povo mebengôkre na terra.,Directed,1
Kokokaroti Txucarramãe,Raoni. A descida do povo mebengôkre na terra.,Directed,1
Matsipaya Waura Txucarramãe,Raoni. A descida do povo mebengôkre na terra.,Directed,1
Andressa Iremex Apinajé,(Re)Encontros - Akupӯnh awjanã,Directed,1
Celio Castro,(Re)Encontros - Akupӯnh awjanã,Directed,1
Gabriel Cardoso,(Re)Encontros - Akupӯnh awjanã,Directed,1
Laura Guimarães,(Re)Encontros - Akupӯnh awjanã,Directed,1
Odair Giraldin,(Re)Encontros - Akupӯnh awjanã,Directed,1
Ramon Batista,Jacu,Directed,1
Kethy Kist,Situationship,Directed,1
Tamiha Mohamed,Situationship,Directed,1
Victor Sant'annah,Situationship,Directed,1
Paulo Sloboda,Situationship,Directed,1
Ana Claúdia Miguel,Sola,Directed,1
Erick Martíncues,Sola,Directed,1
Sara Nichio,Sola,Directed,1
Natália Dornelas,Sola,Directed,1
Izah Cândido,Sola,Directed,1
YASMIN NOLASCO,Sola,Directed,1
Tati W. Franklin,Sola,Directed,1
GG FÁKỌ̀LÀDÉ,Sola,Directed,1
SULAMITA MC DA ROCHA,Sola,Directed,1
Marcus Neves,Sola,Directed,1
JESSIKA CLAUDINO,Sola,Directed,1
Anielle Paolo,Sola,Directed,1
AFARI,Sola,Directed,1
Bruno C. Hanstenreiter,Sola,Directed,1
Melina Leal Galante,Sola,Directed,1
RAMON ZAGOTTO,Sola,Directed,1
Wilson Olien,Corvo de Madeira,Directed,1
GabeGonca,Corvo de Madeira,Directed,1
Eric Pimentel,Corvo de Madeira,Directed,1
Victor Rosa,Corvo de Madeira,Directed,1
Arthur Filipe Costa,Corvo de Madeira,Directed,1
Iago Pensky,Corvo de Madeira,Directed,1
Maria Clara Dinali,Corvo de Madeira,Directed,1
Gabriel Berretta,Corvo de Madeira,Directed,1
Rafaella Narciso,Corvo de Madeira,Directed,1
Marília Rossdeutscher,Corvo de Madeira,Directed,1
Ana Julia Costa,Corvo de Madeira,Directed,1
Luara Hildebrand,Corvo de Madeira,Directed,1
Maisnerd,Zukas,Directed,1
Adam The Dystopic,Zukas,Directed,1
cleozinhu,Zukas,Directed,1
Glockdi,Zukas,Directed,1
Fernanda Boacnin,Lumi,Directed,1
Glauber Rocha,Golpe de Vista,Directed,1
Anselmo Duarte,Golpe de Vista,Directed,1
Michel Schettert,Golpe de Vista,Directed,1
Vent,Cartas,Directed,1
Sabryna,Cartas,Directed,1
Trindade,Cartas,Directed,1
Phablo Barreto,Cartas,Directed,1
Isa Maserati,Cartas,Directed,1
Geovani Montalvão,Cartas,Directed,1
Lucas Borges,Cartas,Directed,1
Adriano,Cartas,Directed,1
Yago Alves,Cartas,Directed,1
Ryan Cavalcante,Cartas,Directed,1
Sjrz,Cartas,Directed,1
Caio Flávio,Cartas,Directed,1
Lele,Cartas,Directed,1
Cecília,Cartas,Directed,1
Renan Balbino,LADES,Directed,1
Heitor Cossito,LADES,Directed,1
João Vítor Costa,LADES,Directed,1
Luiza Varella,LADES,Directed,1
Maria Cândida Xavier,LADES,Directed,1
Rafa Duarte,LADES,Directed,1
Rafael Gomes,LADES,Directed,1
Artur Vinicius,LADES,Directed,1
Roger,LADES,Directed,1
Igor Jair Fernandes,LADES,Directed,1
Gabriel Ferreira,LADES,Directed,1
Marcelo Adnet,Noah's Ark,Directed,1
Alice Braga,Noah's Ark,Directed,1
Lázaro Ramos,Noah's Ark,Directed,1
Júlio Andrade,Noah's Ark,Directed,1
Bruno Gagliasso,Noah's Ark,Directed,1
Rihanna Barbosa,Noah's Ark,Directed,1
Edvana Carvalho,Noah's Ark,Directed,1
Gregório Duvivier,Noah's Ark,Directed,1
Ingrid Guimarães,Noah's Ark,Directed,1
Heloísa Périssé,Noah's Ark,Directed,1
Daniel Furlan,Noah's Ark,Directed,1
Débora Nascimento,Noah's Ark,Directed,1
Seu Jorge,Noah's Ark,Directed,1
Giovanna Ewbank,Noah's Ark,Directed,1
Luis Miranda,Noah's Ark,Directed,1
Monica Iozzi,Noah's Ark,Directed,1
Babu Santana,Noah's Ark,Directed,1
Eduardo Sterblitch,Noah's Ark,Directed,1
Leandro Firmino,Noah's Ark,Directed,1
Marcelo Serrado,Noah's Ark,Directed,1
Louise D'Tuani,Noah's Ark,Directed,1
Guilherme Rodio,Noah's Ark,Directed,1
Laila Garin,Noah's Ark,Directed,1
Amazyles de Almeida,Noah's Ark,Directed,1
Caio Gox,Noah's Ark,Directed,1
Douglas Barbosa,Noah's Ark,Directed,1
Fernando Mendonça,Noah's Ark,Directed,1
Luciana Barou,Noah's Ark,Directed,1
Thiago Venturi,Noah's Ark,Directed,1
Sérgio Machado,Noah's Ark,Directed,1
Alois Di Leo,Noah's Ark,Directed,1
Vinicius de Moraes,Noah's Ark,Directed,1
Edward Noeltner,Noah's Ark,Directed,1
Rosane Svartman,Noah's Ark,Directed,1
Daniel Greco,Noah's Ark,Directed,1
Walter Salles,Noah's Ark,Directed,1
Maria Carlota Bruno,Noah's Ark,Directed,1
Fabiano Gullane,Noah's Ark,Directed,1
Caio Gullane,Noah's Ark,Directed,1
André Novis,Noah's Ark,Directed,1
O Naresh Kumar,Noah's Ark,Directed,1
Venkata Kiran Kumar,Noah's Ark,Directed,1
Beto Villares,Noah's Ark,Directed,1
Marcelo Junqueira,Noah's Ark,Directed,1
Erico Theobaldo,Noah's Ark,Directed,1
Fil Pinheiro,Noah's Ark,Directed,1
Daniela Antonelli Aun,Noah's Ark,Directed,1
Ana Saito,Noah's Ark,Directed,1
Gabriela Tocchio,Noah's Ark,Directed,1
Pablo Torrecillas,Noah's Ark,Directed,1
Felipe Sabino,Noah's Ark,Directed,1
Sumedha Saraogi,Noah's Ark,Directed,1
Rajsekhar Meesala,Noah's Ark,Directed,1
Márcio Nicolosi,Noah's Ark,Directed,1
Bruno Gondim Luna,Noah's Ark,Directed,1
Guilherme Franco,Noah's Ark,Directed,1
Suzana de Moraes,Noah's Ark,Directed,1
Paulo Moraes de Souza Dantas,Noah's Ark,Directed,1
Débora Ivanov,Noah's Ark,Directed,1
George Walker Torres,Noah's Ark,Directed,1
Ennio Torresan Jr.,Noah's Ark,Directed,1
Roberto Schilling,Noah's Ark,Directed,1
Mario Caldato Jr.,Noah's Ark,Directed,1
André Tadeu,Noah's Ark,Directed,1
Carlos Paes,Noah's Ark,Directed,1
Beatriz Almeida,Noah's Ark,Directed,1
João Pedro Faro,love love eutanásia,Directed,1
Gabriela Biló,8 de janeiro: Anatomia de um Ataque Golpista,Directed,1
Henrique Santana,8 de janeiro: Anatomia de um Ataque Golpista,Directed,1
Pedro Ladeira,8 de janeiro: Anatomia de um Ataque Golpista,Directed,1
Nicollas Witzel,8 de janeiro: Anatomia de um Ataque Golpista,Directed,1
Liliane Mutti,"Salut, mes ami.e.s!",Directed,1
Luiz Inácio Lula da Silva,8/1 – A Democracia Resiste,Directed,1
Alexandre de Moraes,8/1 – A Democracia Resiste,Directed,1
Flávio Dino,8/1 – A Democracia Resiste,Directed,1
Ricardo Cappelli,8/1 – A Democracia Resiste,Directed,1
Arthur Lira,8/1 – A Democracia Resiste,Directed,1
Ricardo Stuckert,8/1 – A Democracia Resiste,Directed,1
Rafael Norton,8/1 – A Democracia Resiste,Directed,1
Julia Duailibi,8/1 – A Democracia Resiste,Directed,1
Naomi Lamarck,A Noiva Natal,Directed,1
Luana Varela,A Noiva Natal,Directed,1
Ryan Medeiros,A Noiva Natal,Directed,1
Isabelle Pinto,A Noiva Natal,Directed,1
Sophia Cabral,A Noiva Natal,Directed,1
Lucas Silva,A Noiva Natal,Directed,1
José Neto,A Noiva Natal,Directed,1
Heron Condor,A Noiva Natal,Directed,1
Douglas Amorim,A Noiva Natal,Directed,1
Raquel Higa,Louco como Van Gogh,Directed,1
Clara Cury,Louco como Van Gogh,Directed,1
Luísa Santana,Louco como Van Gogh,Directed,1
Maria Thereza De Paula,Louco como Van Gogh,Directed,1
Fernanda Fernandes,Louco como Van Gogh,Directed,1
Bruno Weissmann,Louco como Van Gogh,Directed,1
Luanna Bravo,Louco como Van Gogh,Directed,1
Bruna Nery,Louco como Van Gogh,Directed,1
Lucas Gabriel,Empunhando a Esperança,Directed,1
Beto Leite,Empunhando a Esperança,Directed,1
Rafaela Bernardazzi,Empunhando a Esperança,Directed,1
Luíze Câmara,Empunhando a Esperança,Directed,1
Nathan Brito,Empunhando a Esperança,Directed,1
Raane Myrtle,Empunhando a Esperança,Directed,1
Gabriel Oliveira,Empunhando a Esperança,Directed,1
Alice Morais,Empunhando a Esperança,Directed,1
Alessandra Negrini,A Árvore,Directed,1
João Wainer,A Árvore,Directed,1
Emili Araujo,Beats Digging Ditches,Directed,1
Vinicius Benato,Beats Digging Ditches,Directed,1
PAVINISS,Beats Digging Ditches,Directed,1
Catarina Ay,Beats Digging Ditches,Directed,1
Dave Kost,Beats Digging Ditches,Directed,1
Célia Bombom,Elucida,Directed,1
Ana Tereza Gedeão,Elucida,Directed,1
Jotapê Mafra,Elucida,Directed,1
Helena Freitas,Elucida,Directed,1
Clara Nicácio,Elucida,Directed,1
Pietra Soriano,Elucida,Directed,1
Hisadora Ferreira,Elucida,Directed,1
Nathália Paiva,Elucida,Directed,1
Verônica Reis,Elucida,Directed,1
Celina Araújo,Elucida,Directed,1
Clara Santos,Elucida,Directed,1
Maria Fernanda,Elucida,Directed,1
Marina Gadelha,Anzol,Directed,1
Francisco Silva,Anzol,Directed,1
Rosinaldo Luna,Anzol,Directed,1
Maria Salete,Anzol,Directed,1
Julio Deunier,Anzol,Directed,1
Pérola Fernandes,Anzol,Directed,1
Janniê Kecio,Anzol,Directed,1
Marianne Batista,Anzol,Directed,1
Maju Hortêncio,Anzol,Directed,1
Emilly Freitas,Anzol,Directed,1
Bianca Medeiros,Anzol,Directed,1
Thalita Batista,Anzol,Directed,1
Laura Nepomuceno,Anzol,Directed,1
Rafael Godoy,Anzol,Directed,1
Erick Santana,Anzol,Directed,1
Theo Hipólito,Anzol,Directed,1
Dominic Melo,Anzol,Directed,1
Filipe Garcia,Na Estrada Pra California,Directed,1
Ana Karina Barbieri,Na Estrada Pra California,Directed,1
Maria Lucia Diniz,Na Estrada Pra California,Directed,1
Daniel Thomas,Na Estrada Pra California,Directed,1
Natasha Savignon,Na Estrada Pra California,Directed,1
Caco Piacenti,Na Estrada Pra California,Directed,1
Vitor Inácio Paiva,Na Estrada Pra California,Directed,1
Sofia Marques,Na Estrada Pra California,Directed,1
Agenor Evangelista,Na Estrada Pra California,Directed,1
Victor Savignon de Araujo,Na Estrada Pra California,Directed,1
Peter Babinski,Na Estrada Pra California,Directed,1
Emi Melnik,Na Estrada Pra California,Directed,1
Felipy Andrade,Na Estrada Pra California,Directed,1
Leo Jacob,Na Estrada Pra California,Directed,1
Louisa Savignon,Na Estrada Pra California,Directed,1
Auber Silva,Na Estrada Pra California,Directed,1
Fran Camilo,Na Estrada Pra California,Directed,1
Marina Stuchi,Na Estrada Pra California,Directed,1
Lucas Oliveira,Na Estrada Pra California,Directed,1
Gabe Lemes,Na Estrada Pra California,Directed,1
Henrique Medina,Na Estrada Pra California,Directed,1
Anderson Craveiro,Na Estrada Pra California,Directed,1
João Vitor Moreno,Na Estrada Pra California,Directed,1
Celina Becker,Na Estrada Pra California,Directed,1
Evi Chaiben,Na Estrada Pra California,Directed,1
Raquel M. Deliberador,Na Estrada Pra California,Directed,1
Guilherme Gerais,Na Estrada Pra California,Directed,1
Ricardo Heim Lonien,Na Estrada Pra California,Directed,1
Pauline Seifert,Na Estrada Pra California,Directed,1
Raquel Palma,Na Estrada Pra California,Directed,1
Letícia Sanches,Na Estrada Pra California,Directed,1
Giovani Nori,Na Estrada Pra California,Directed,1
Otávio Santos,Na Estrada Pra California,Directed,1
Caio Freitas,Na Estrada Pra California,Directed,1
Ricardo Costa Barros,Na Estrada Pra California,Directed,1
Ingrid Gonçalves,Na Estrada Pra California,Directed,1
Guilherme Mortean,Na Estrada Pra California,Directed,1
Priscila Germano,Na Estrada Pra California,Directed,1
Mariana Spoladore,Na Estrada Pra California,Directed,1
Vinícius Leite,Na Estrada Pra California,Directed,1
Luciano Luppi,Grandpa Online,Directed,1
Pedro Lanna,Grandpa Online,Directed,1
Ana Cecília Lima,Grandpa Online,Directed,1
Nanci Alves,Grandpa Online,Directed,1
Ana Alves,Grandpa Online,Directed,1
Clerio Dornell,Grandpa Online,Directed,1
Gustavo Aguiar,Grandpa Online,Directed,1
Leonardo Fonseca,Grandpa Online,Directed,1
Helenna Dias,Grandpa Online,Directed,1
Sarah Hellen,Grandpa Online,Directed,1
Sofia Marinho,Grandpa Online,Directed,1
Marcos Júnio,Grandpa Online,Directed,1
Arthur Borza,Grandpa Online,Directed,1
Tepha Nascimento,Grandpa Online,Directed,1
Labibe Araújo,Grandpa Online,Directed,1
Gabriel Mendes,Grandpa Online,Directed,1
Amanda Vallejos,Grandpa Online,Directed,1
Glaydson Mendes,Grandpa Online,Directed,1
Hugo Zé,Grandpa Online,Directed,1
Dangelis Brito,Grandpa Online,Directed,1
Marcus Vinícius,Grandpa Online,Directed,1
Ary Toledo,Ary Toledo: Cê Senta,Directed,1
Samuel D'Almeida,REGISTRANDO O TEMPO,Directed,1
Sonia Guajajara,Praia da Saudade,Directed,1
Sidarta Ribeiro,Praia da Saudade,Directed,1
Sinai Sganzerla,Praia da Saudade,Directed,1
João Lanari Bo,Praia da Saudade,Directed,1
Marcelo Callado,Praia da Saudade,Directed,1
Fabian Cantieri,Praia da Saudade,Directed,1
Sasha Lazarev,Praia da Saudade,Directed,1
Giulia Benite,Chama a Bebel,Directed,1
Larissa Maciel,Chama a Bebel,Directed,1
José Rubens Chachá,Chama a Bebel,Directed,1
Flávia Garrafa,Chama a Bebel,Directed,1
Marcos Breda,Chama a Bebel,Directed,1
Gustavo Coelho,Chama a Bebel,Directed,1
Pedro Motta,Chama a Bebel,Directed,1
Antônio Zeni,Chama a Bebel,Directed,1
Sofia Cordeiro,Chama a Bebel,Directed,1
Flor Gil,Chama a Bebel,Directed,1
Rafa Muller,Chama a Bebel,Directed,1
Ariel Gustsack,Chama a Bebel,Directed,1
Anderson Leal,Chama a Bebel,Directed,1
Anna Lisboa,Chama a Bebel,Directed,1
Paulo Nascimento,Chama a Bebel,Directed,1
Marilaine Castro da Costa,Chama a Bebel,Directed,1
Flavio de Castro Barboza,Chama a Bebel,Directed,1
Monica Catalane,Chama a Bebel,Directed,1
Cristobal Alvarez,Chama a Bebel,Directed,1
Marcio Papel,Chama a Bebel,Directed,1
Carol Scortegagna,Chama a Bebel,Directed,1
Renato Falcão,Chama a Bebel,Directed,1
Silvio Marques,Chama a Bebel,Directed,1
Walther Neto,Chama a Bebel,Directed,1
Ricky Hiraoka,Chama a Bebel,Directed,1
Enzo Cortinove Gomes,A História do Amor,Directed,1
Eduarda,A História do Amor,Directed,1
Lucas Leite Tinoco,A História do Amor,Directed,1
Humberto dos Santos,Monumental,Directed,1
Hebert Eligo dos Santos,Monumental,Directed,1
Théo Garboza,Monumental,Directed,1
Nicollas Truffa,Monumental,Directed,1
Felipe Rabelo,Sítio,Directed,1
Daniel Lopes,Sítio,Directed,1
Amaury Meireles,Sítio,Directed,1
Mateus Umbelino,Sítio,Directed,1
Sonia Harumi,Sítio,Directed,1
Kayky Brito,Quarto Level 1,Directed,1
Rodrigo Dorado,Quarto Level 1,Directed,1
Yasmim Sant'Anna,Quarto Level 1,Directed,1
Pablo Loureiros,Quarto Level 1,Directed,1
Matheus Smith,At night all cats are brown,Directed,1
Rejane Faria,At night all cats are brown,Directed,1
Renato Novaes,At night all cats are brown,Directed,1
dévora mc,At night all cats are brown,Directed,1
Carlos Francisco,At night all cats are brown,Directed,1
Gláucia Vandeveld,At night all cats are brown,Directed,1
Evando Pessoa,At night all cats are brown,Directed,1
Meibe Rodrigues,At night all cats are brown,Directed,1
Antonio Pedroni,At night all cats are brown,Directed,1
Léo Pessoa,At night all cats are brown,Directed,1
Paulo Trindade,At night all cats are brown,Directed,1
João Fiorini,At night all cats are brown,Directed,1
Matheus Moura,At night all cats are brown,Directed,1
Ibria Lopes,At night all cats are brown,Directed,1
Yago Guedes,At night all cats are brown,Directed,1
Davi Cândido,At night all cats are brown,Directed,1
Lya Novaes,At night all cats are brown,Directed,1
Saulo Adrian,At night all cats are brown,Directed,1
Estevam Neto,At night all cats are brown,Directed,1
Luiza Garcia,At night all cats are brown,Directed,1
Samuel Fávero,At night all cats are brown,Directed,1
João Paulo Freitas,At night all cats are brown,Directed,1
Anna Mol,At night all cats are brown,Directed,1
Charles Mascarenhas,At night all cats are brown,Directed,1
Clara Vilas Boas,At night all cats are brown,Directed,1
Nancy Angulo,At night all cats are brown,Directed,1
Yasmin Batista,At night all cats are brown,Directed,1
Amanda Buzatti,At night all cats are brown,Directed,1
Joseph Neander,At night all cats are brown,Directed,1
Ju Campos,At night all cats are brown,Directed,1
Emanuele Sales,At night all cats are brown,Directed,1
Alejandro Cañer,At night all cats are brown,Directed,1
Prazer da Esfiha,At night all cats are brown,Directed,1
Samuel Vieira,At night all cats are brown,Directed,1
Nathalia Quimbay Cadena,At night all cats are brown,Directed,1
Esdras Victor,A Cachoeira dos Pássaros,Directed,1
Ruth Oliveira,A Cachoeira dos Pássaros,Directed,1
nico albuquerque,A Cachoeira dos Pássaros,Directed,1
Thiago Pombo,A Cachoeira dos Pássaros,Directed,1
Pietro Lírio,A Cachoeira dos Pássaros,Directed,1
Pedro Audir,A Cachoeira dos Pássaros,Directed,1
João Coelho,A Cachoeira dos Pássaros,Directed,1
Roberto Bezerra,A Cachoeira dos Pássaros,Directed,1
Tainá Brasileiro,A Cachoeira dos Pássaros,Directed,1
Mira Katz,A Cachoeira dos Pássaros,Directed,1
Corina Santiago,A Cachoeira dos Pássaros,Directed,1
Diá d'Santana,A Cachoeira dos Pássaros,Directed,1
Maysa Carolino,A Cachoeira dos Pássaros,Directed,1
Rony Severiano,A Cachoeira dos Pássaros,Directed,1
Laura Castor,A Cachoeira dos Pássaros,Directed,1
Áquila Felix,A Cachoeira dos Pássaros,Directed,1
Helton  Yan,A Cachoeira dos Pássaros,Directed,1
Rafael M. P. Lindemeyer,Treasures of the Trade,Directed,1
Sophia Victória,Monalisa,Directed,1
João Miàtti,Monalisa,Directed,1
Gi Moraes,Monalisa,Directed,1
Tainá Lima,Monalisa,Directed,1
Anna Brito,Monalisa,Directed,1
João Pedro Diniz,Monalisa,Directed,1
Sarah Cafiero,Monalisa,Directed,1
Letícia Teixeira,Monalisa,Directed,1
Alysson M. Mussolin,Monalisa,Directed,1
Ana Laura Negro,Monalisa,Directed,1
Gustavo Borges,Monalisa,Directed,1
Francisco Edmisio da Silva,"Edmisio, que foi para São Paulo atrás do dinheiro que o vento leva",Directed,1
Jonathan Rodrigues,"Edmisio, que foi para São Paulo atrás do dinheiro que o vento leva",Directed,1
Rafael Jardim,Essa moça,Directed,1
Aquiles Lopes,O Gráfico Amador,Directed,1
Lula Queiroga,O Gráfico Amador,Directed,1
Adriana Nunes,PiOinc,Directed,1
Adriano Siri,PiOinc,Directed,1
Alex Ribondi,PiOinc,Directed,1
Ricardo Makoto,PiOinc,Directed,1
Abrahão Souza,The Bike Guy's Chronicle,Directed,1
Felipe Goulart,The Bike Guy's Chronicle,Directed,1
Mendhelson Luiz,The Bike Guy's Chronicle,Directed,1
Rafael Isoppo,The Real Drift King,Directed,1
Rafa Calil,Povo da Floresta,Directed,1
Catapreta,Dona Beatriz Ñsîmba Vita,Directed,1
Sophia Valverde,Turma da Mônica Jovem: Reflexos do Medo,Directed,1
Xande Valois,Turma da Mônica Jovem: Reflexos do Medo,Directed,1
Bianca Paiva,Turma da Mônica Jovem: Reflexos do Medo,Directed,1
Theo Salomão,Turma da Mônica Jovem: Reflexos do Medo,Directed,1
Carol Roberto,Turma da Mônica Jovem: Reflexos do Medo,Directed,1
Yuma Ono,Turma da Mônica Jovem: Reflexos do Medo,Directed,1
Giovanna Chaves,Turma da Mônica Jovem: Reflexos do Medo,Directed,1
Carolina Amaral,Turma da Mônica Jovem: Reflexos do Medo,Directed,1
Mateus Solano,Turma da Mônica Jovem: Reflexos do Medo,Directed,1
Eliana Fonseca,Turma da Mônica Jovem: Reflexos do Medo,Directed,1
Bruno Vinicius,Turma da Mônica Jovem: Reflexos do Medo,Directed,1
Júlia Rabello,Turma da Mônica Jovem: Reflexos do Medo,Directed,1
Lucas Pretti,Turma da Mônica Jovem: Reflexos do Medo,Directed,1
Ataíde Arcoverde,Turma da Mônica Jovem: Reflexos do Medo,Directed,1
Rodrigo Fernandes,Turma da Mônica Jovem: Reflexos do Medo,Directed,1
Maria Bopp,Turma da Mônica Jovem: Reflexos do Medo,Directed,1
José Trassi,Turma da Mônica Jovem: Reflexos do Medo,Directed,1
Mauricio de Sousa,Turma da Mônica Jovem: Reflexos do Medo,Directed,1
Patrícia Chamon,Turma da Mônica Jovem: Reflexos do Medo,Directed,1
Graciela Martins,Turma da Mônica Jovem: Reflexos do Medo,Directed,1
Regina Negrini,Turma da Mônica Jovem: Reflexos do Medo,Directed,1
Marcelo Corpanni,Turma da Mônica Jovem: Reflexos do Medo,Directed,1
Fernando Zuccolotto,Turma da Mônica Jovem: Reflexos do Medo,Directed,1
Denise Tibiriçá Machado,Turma da Mônica Jovem: Reflexos do Medo,Directed,1
Tony Tiger,Turma da Mônica Jovem: Reflexos do Medo,Directed,1
Rodrigo Goulart,Turma da Mônica Jovem: Reflexos do Medo,Directed,1
Arthur Chamon,Turma da Mônica Jovem: Reflexos do Medo,Directed,1
Catarina Chamon,Turma da Mônica Jovem: Reflexos do Medo,Directed,1
Fabio Henrique,Turma da Mônica Jovem: Reflexos do Medo,Directed,1
Ricardo Reis,Turma da Mônica Jovem: Reflexos do Medo,Directed,1
Miriam Biderman,Turma da Mônica Jovem: Reflexos do Medo,Directed,1
Diogo Ferreira,Turma da Mônica Jovem: Reflexos do Medo,Directed,1
Yuri Scocuglia,Turma da Mônica Jovem: Reflexos do Medo,Directed,1
Maurício Eça,Turma da Mônica Jovem: Reflexos do Medo,Directed,1
Christiano Metri,Turma da Mônica Jovem: Reflexos do Medo,Directed,1
Sabrina Garcia,Turma da Mônica Jovem: Reflexos do Medo,Directed,1
Adriano Araújo,Roubar um Plano,Directed,1
Francineide Bandeira,Roubar um Plano,Directed,1
Jonnas Rosa,Roubar um Plano,Directed,1
André Novais Oliveira,Roubar um Plano,Directed,1
Lincoln Péricles,Roubar um Plano,Directed,1
Ronaldo Dimmer,Roubar um Plano,Directed,1
Cristina Llumipanta,Roubar um Plano,Directed,1
Priscila Nascimento,Roubar um Plano,Directed,1
Henrique Staino,Roubar um Plano,Directed,1
Victor Quintanilha,Roubar um Plano,Directed,1
David Andrade,Roubar um Plano,Directed,1
Leon Reis,Roubar um Plano,Directed,1
Humberto Mundim,Roubar um Plano,Directed,1
João Gabriel Riveres,Roubar um Plano,Directed,1
Thati Lopes,Saideira,Directed,1
Luciana Paes,Saideira,Directed,1
Tonico Pereira,Saideira,Directed,1
Suely Franco,Saideira,Directed,1
Teca Pereira,Saideira,Directed,1
Ary França,Saideira,Directed,1
Bruna Viola,Saideira,Directed,1
Rogério Fróes,Saideira,Directed,1
Matheus Abreu,Saideira,Directed,1
Ian Braga,Saideira,Directed,1
Eduarda Fernandes,Saideira,Directed,1
Danilo França,Saideira,Directed,1
Lucas César Rios,Saideira,Directed,1
Fred Vitolla,Saideira,Directed,1
Luzia Di Resende,Saideira,Directed,1
Rafael Sufoco,Saideira,Directed,1
Leonardo Bulhões,Saideira,Directed,1
Guilherme Ruggio,Saideira,Directed,1
Leonardo Alvarez Saad,Saideira,Directed,1
Julio Taubkin,Saideira,Directed,1
Angelo Ravazi,Saideira,Directed,1
Mayra Lucas,Saideira,Directed,1
Fernanda Selva,Saideira,Directed,1
Juliana Lemes,Saideira,Directed,1
Pedro Arantes,Saideira,Directed,1
Gabriel Barrella,Saideira,Directed,1
Luiza Ramos,Saideira,Directed,1
Paulo Serpa,Saideira,Directed,1
Arthur Warren,Saideira,Directed,1
Ana Maria Abreu,Saideira,Directed,1
Natiê Cortez,Saideira,Directed,1
Marina Morais,Saideira,Directed,1
Rubén Valdés,Saideira,Directed,1
Vinicius Prado Martins,Saideira,Directed,1
Fernanda Ranieri,Saideira,Directed,1
Gustavo Zysman Nascimento,Saideira,Directed,1
Júlia Teles,Saideira,Directed,1
Helena Ungaretti,Saideira,Directed,1
Deborah Carvalho,Saideira,Directed,1
Daniel Turini,Saideira,Directed,1
Coletivo Pisquinhos,Where Judas Stole the Boots,Directed,1
Pedro Estrada,Noite Neon,Directed,1
Claryssa Almeida,Noite Neon,Directed,1
Tomás Tancredi,Garimpando Garimpeiros,Directed,1
Erik Ely,I wasn't born for this,Directed,1
Anderson Soninho,Cassino,Directed,1
Daniel Guimarães,Cassino,Directed,1
Leandro Gomes,Cassino,Directed,1
Gianluca Cozza,Cassino,Directed,1
Otávio Vassão,Cassino,Directed,1
Leonardo da Rosa,Cassino,Directed,1
Thais Andrade,Cassino,Directed,1
João Fernando Chagas,Cassino,Directed,1
Eloisa Soares,Cassino,Directed,1
Giulia Belmonte,Cassino,Directed,1
Pedro Guindani,Cassino,Directed,1
Eleonora Loner,Cassino,Directed,1
Arthur Amaral,Cassino,Directed,1
Nica Maleoa,Cassino,Directed,1
Nina Mayers,Cassino,Directed,1
André Berzagui,Cassino,Directed,1
Marcos Lopes,Cassino,Directed,1
Richard Tavares,Cassino,Directed,1
Luciana Abbud,Cassino,Directed,1
Getúlio Ribeiro,Ausência,Directed,1
Elane dos Santos Rego,The First Women,Directed,1
Leda Maria Cozer Abreu,The First Women,Directed,1
Maria Lucia da Silva Lima,The First Women,Directed,1
Marilza Martins da Silva,The First Women,Directed,1
Marisa Pires Nogueira,The First Women,Directed,1
Roseli de Belo,The First Women,Directed,1
Rosilane Camargo Motta,The First Women,Directed,1
Adriana Yañez,The First Women,Directed,1
Luiz Ferraz,The First Women,Directed,1
Marcel Costa,The First Women,Directed,1
Juliana Munhoz,The First Women,Directed,1
Bruno Badain,The First Women,Directed,1
João Atala,The First Women,Directed,1
Gal Buitoni,The First Women,Directed,1
Amanda Devulsky,Artificial but very sensitive,Directed,1
Enedson Gomes,Blockbuster,Directed,1
Rute Vianna,Blockbuster,Directed,1
Luiz Gomide Walther,Blockbuster,Directed,1
Rafael Toledo,Blockbuster,Directed,1
Julio Folha,Blockbuster,Directed,1
Lucas Guerra,Blockbuster,Directed,1
Henrique Andrade,Blockbuster,Directed,1
Greg Andersen,Blockbuster,Directed,1
Sérgio Salum,Blockbuster,Directed,1
Felipe Enio,Blockbuster,Directed,1
Vitor Acacio,Blockbuster,Directed,1
Zé Fernandes,Nirvana,Directed,1
Matheus Luz,Nirvana,Directed,1
Clara Monteiro,Nirvana,Directed,1
Gustavo Soares,Nirvana,Directed,1
Fábio Henrique,Nirvana,Directed,1
Heleno Junio,Nirvana,Directed,1
Mariana Rodrigues,Nirvana,Directed,1
Gabriele Marques,Nirvana,Directed,1
Paula Sued,Nirvana,Directed,1
Luiza Ferraz,Nirvana,Directed,1
Anna Clara González,Nirvana,Directed,1
Bea Calazans,Nirvana,Directed,1
Ivy Serravalle,Nirvana,Directed,1
Mariana Rocha,Nirvana,Directed,1
Luiza Paiva,Nirvana,Directed,1
Sara Fonseca,Nirvana,Directed,1
Theo Guerreiro,Nirvana,Directed,1
Renato Castro,Nirvana,Directed,1
Kaiki P. Borges,Nirvana,Directed,1
Ytalo Ferreira,Nirvana,Directed,1
Adriel Martorelli,Gatorama,Directed,1
Lucy Venturim,Gatorama,Directed,1
Marcel Pires,Gatorama,Directed,1
Nico Costa,Gatorama,Directed,1
Aldrey Mury,Gatorama,Directed,1
Isis de Jesus,Gatorama,Directed,1
Vitor Coutinho,Gatorama,Directed,1
Anderson Cruz de Almeida,Gatorama,Directed,1
Beatryz Costa,Gatorama,Directed,1
Estevão Barbiéri Amaral,Gatorama,Directed,1
Bianca Clerc,Gatorama,Directed,1
Corin Tiziano,Gatorama,Directed,1
Luciely Santos,Gatorama,Directed,1
Luyza Leite,Gatorama,Directed,1
Erick Fernando,Gatorama,Directed,1
Letícia Cabral,Gatorama,Directed,1
Guilherme Augusto,Soneca e Jupa,Directed,1
Ricardo Juper,Soneca e Jupa,Directed,1
Jorgeninh,Soneca e Jupa,Directed,1
Rodrigo Meireles,Soneca e Jupa,Directed,1
Larissa Barbosa,The outside is inside,Directed,1
Elias Andreato,Pill Nation,Directed,1
Teuda Bara,Pill Nation,Directed,1
Cláudia Assunção,Pill Nation,Directed,1
Daniel Jaber,Pill Nation,Directed,1
Bruno Tadeu,Pill Nation,Directed,1
Renan Távora Soares,Pill Nation,Directed,1
Tiago Tereza,I Can't Do Nothing,Directed,1
Cristina Maure,The Station,Directed,1
Thiago Medeiros,Uber - Aplicatio Móvel,Directed,1
Jão,Jão: SuperTurnê ao Vivo,Directed,1
Laura Vicente,Jão: SuperTurnê ao Vivo,Directed,1
Daniel dos Santos,Jão: SuperTurnê ao Vivo,Directed,1
Luiz Netto,Jão: SuperTurnê ao Vivo,Directed,1
Eduardo Nobrega,Jão: SuperTurnê ao Vivo,Directed,1
Renata Miklos,Jão: SuperTurnê ao Vivo,Directed,1
Aline Duda,Jão: SuperTurnê ao Vivo,Directed,1
Tali Miranda,Jão: SuperTurnê ao Vivo,Directed,1
Tati Bressan,Jão: SuperTurnê ao Vivo,Directed,1
Ricardo Baldessarini,Jão: SuperTurnê ao Vivo,Directed,1
Maria Eduarda de Souza,Jão: SuperTurnê ao Vivo,Directed,1
Rodrigo Francisco,Jão: SuperTurnê ao Vivo,Directed,1
DJ K,Terror Mandelão,Directed,1
MC Zero K,Terror Mandelão,Directed,1
Michel o Puro,Terror Mandelão,Directed,1
Matheus (Theus),Terror Mandelão,Directed,1
Palhaço It o Terror dos Bailes,Terror Mandelão,Directed,1
Freira a Terrorista dos Bailes,Terror Mandelão,Directed,1
Chucky Assassino dos Bailes,Terror Mandelão,Directed,1
DJ Vilão DS,Terror Mandelão,Directed,1
Bruninho JS,Terror Mandelão,Directed,1
MC Guh B13,Terror Mandelão,Directed,1
MC Menor Ryan,Terror Mandelão,Directed,1
JLZ,Terror Mandelão,Directed,1
MC MJ,Terror Mandelão,Directed,1
MC Menor Vilão,Terror Mandelão,Directed,1
DJ Knote,Terror Mandelão,Directed,1
DJ Ninow 013,Terror Mandelão,Directed,1
MC Dolabella,Terror Mandelão,Directed,1
DJ Hary,Terror Mandelão,Directed,1
DJ GH do ABC,Terror Mandelão,Directed,1
MC IGap,Terror Mandelão,Directed,1
MC Leo da VH 13,Terror Mandelão,Directed,1
DJ Dayeh,Terror Mandelão,Directed,1
GG Albuquerque,Terror Mandelão,Directed,1
Felipe Larozza,Terror Mandelão,Directed,1
Daniel Lupo,Terror Mandelão,Directed,1
Victor Ciappina,Terror Mandelão,Directed,1
Patrícia Heit,Terror Mandelão,Directed,1
Vitória Labrudi,CERAMISTAS DA COMUNIDADE DO ELVAS,Directed,1
Elizabeth Ramos,CERAMISTAS DA COMUNIDADE DO ELVAS,Directed,1
Carol Fonseca,Altar,Directed,1
Dani Drumond,Água Rasa,Directed,1
Bebé Salvego,The Shell Covered Ox,Directed,1
Daniela Dams,The Shell Covered Ox,Directed,1
Daniel Barosa,The Shell Covered Ox,Directed,1
Marina Sartoreli,Paprica,Directed,1
Jully Mariano,Paprica,Directed,1
Fabiana de Oliveira,Paprica,Directed,1
Luiz Eduardo Kogut,Paprica,Directed,1
Clara Maltaca,Paprica,Directed,1
Guillen Medeiros,Paprica,Directed,1
Mauro Henrique Soarez,Paprica,Directed,1
Luana Oliveira,Paprica,Directed,1
Monique Monteiro,O Hóspede,Directed,1
Marc Bell,O Hóspede,Directed,1
Felipe Rhein,O Hóspede,Directed,1
Jose Aragão Jr.,O Hóspede,Directed,1
Vinicius Colares,O Hóspede,Directed,1
Joedson Silva,O Hóspede,Directed,1
Fernando Pereira,O Hóspede,Directed,1
Ana Emidia,O Hóspede,Directed,1
Flavio Andrade,O Hóspede,Directed,1
Cleriton F. Alves,O Hóspede,Directed,1
Fábio Andrade,Tropical Paths,Directed,1
Dario Lopes,Quarter Finals or Why I Decided to Support Brazil,Directed,1
Vinicius Campos,Quarter Finals or Why I Decided to Support Brazil,Directed,1
Caio De,Quarter Finals or Why I Decided to Support Brazil,Directed,1
Leandro Olímpio,Our flyer would look like this,Directed,1
João Victor Almeida,Leave the Doll in the Car,Directed,1
Marcus Veríssimo,Lúcido,Directed,1
Evas Carretero,Lúcido,Directed,1
Pedro Casali,Lúcido,Directed,1
Dudu Oliveira,Lúcido,Directed,1
Priscila Dieminger,Lúcido,Directed,1
Alice Arida,Lúcido,Directed,1
André Madrini,Lúcido,Directed,1
Danni Tocci,Lúcido,Directed,1
Lino Colantoni,Lúcido,Directed,1
Fábio de Borthole,Lúcido,Directed,1
Clara Lindorfer,Lúcido,Directed,1
Fabio Augusto Barreto,Lúcido,Directed,1
Léo Bertero,Lúcido,Directed,1
Caetano Grippo,Lúcido,Directed,1
Roberta Zola,Lúcido,Directed,1
Juliane Arguello,Lúcido,Directed,1
Isaac Medeiros,Lúcido,Directed,1
Ana Carolina Marinho,I did not come either,Directed,1
Amanda Bortolo,I did not come either,Directed,1
Anna Zêpa,I did not come either,Directed,1
Luz Bárbara,I did not come either,Directed,1
Letícia Bassit,I did not come either,Directed,1
Cristina Amaral,I did not come either,Directed,1
Bárbara Santos,I did not come either,Directed,1
Ana Julia T. Loreto,A Criação de Frankenstein,Directed,1
João Victor T. Loreto,A Criação de Frankenstein,Directed,1
Guilherme Oliveira,A Criação de Frankenstein,Directed,1
Yuri Ventura,A Criação de Frankenstein,Directed,1
Murilo Cerentini,A Criação de Frankenstein,Directed,1
Vinicius Santos,A Criação de Frankenstein,Directed,1
Bianca dos Santos,A Criação de Frankenstein,Directed,1
Manuela Nunes,A Criação de Frankenstein,Directed,1
Evelin da Rosa Thomaz,A Criação de Frankenstein,Directed,1
Issabely Mariah,A Criação de Frankenstein,Directed,1
Ester Mutz,A Criação de Frankenstein,Directed,1
Pedro Henrique Loreto,A Criação de Frankenstein,Directed,1
Mary Shelley,A Criação de Frankenstein,Directed,1
Davi Lucas T. Loreto,A Criação de Frankenstein,Directed,1
Juliano de Freitas Loreto,A Criação de Frankenstein,Directed,1
Douglas Mattaüs,The Things You Said On That Cloudy Day,Directed,1
Welington Matos,Tato,Directed,1
Gabriel Albuquerque,Tato,Directed,1
Lenine Martins,Tato,Directed,1
Pedro Carvalho,Tato,Directed,1
Letícia Hayashi,NAGANO,Directed,1
Gustavo Casabona,The Tuber,Directed,1
Wagner Neves,The Tuber,Directed,1
Marlene Moreira,The Tuber,Directed,1
Maurício Ramos,The Tuber,Directed,1
Janaina Afhonso,The Tuber,Directed,1
Lucas Camargo de Barros,The Tuber,Directed,1
Nicolas Thomé Zetune,The Tuber,Directed,1
Julia Bogochvol,The Tuber,Directed,1
Rodrigo Sousa & Sousa,The Tuber,Directed,1
Fabián Cevallos Vivar,The Tuber,Directed,1
Gastón Gabriel Rodríguez,The Tuber,Directed,1
Pedro Salles Santiago,The Tuber,Directed,1
Kyra Ice,The Tuber,Directed,1
Rafael Neri,The Tuber,Directed,1
Miguel Clark,Paixão Sinistra,Directed,1
Cosmo Salisme,Paixão Sinistra,Directed,1
Antonio Ferraz,Paixão Sinistra,Directed,1
Estevão Nogueira,Paixão Sinistra,Directed,1
Dedé Maia,Paixão Sinistra,Directed,1
Matheus Zenom,Paixão Sinistra,Directed,1
Bruno Lisboa,Paixão Sinistra,Directed,1
Bruce Barbosa,Paixão Sinistra,Directed,1
Pio Piolho,Paixão Sinistra,Directed,1
Vinícius Dratovsky,Paixão Sinistra,Directed,1
Lorenzo Affinito,Paixão Sinistra,Directed,1
Eduardo Clark,Paixão Sinistra,Directed,1
Daniel Brito,Paixão Sinistra,Directed,1
Vinícius Romero,Paixão Sinistra,Directed,1
Bruna Callegari,Fale Baixinho,Directed,1
Pedro Balderama,Fale Baixinho,Directed,1
Jónatas Freire Giordano,Fale Baixinho,Directed,1
Luis Cipullo,Fale Baixinho,Directed,1
Wilma Machado,Não jogue sozinha,Directed,1
Cássia Girardi,Não jogue sozinha,Directed,1
Theo Laender,Não jogue sozinha,Directed,1
Breno Guarino,Não jogue sozinha,Directed,1
Vinicius Tostes,Não jogue sozinha,Directed,1
Raphael Motta,Não jogue sozinha,Directed,1
Ana Cecilia Barroso,Não jogue sozinha,Directed,1
Tamar Guimarães,SOAP,Directed,1
Luís Knihs,SOAP,Directed,1
Carol Gesser,SOAP,Directed,1
Jasmina Metwaly,SOAP,Directed,1
Tod Wodicka,SOAP,Directed,1
Vincenzo Latronico,SOAP,Directed,1
Anselm Franke,SOAP,Directed,1
Avi Alpert,SOAP,Directed,1
Ana Teixeira Pinto,SOAP,Directed,1
Margarita Tsomou,SOAP,Directed,1
Dirk Moses,SOAP,Directed,1
Luisa Cavanagh,SOAP,Directed,1
Rusi Millán Pastori,SOAP,Directed,1
Camila Mota,SOAP,Directed,1
Dan Gunn,SOAP,Directed,1
Maria Sole,SOAP,Directed,1
Cíntia Lima,Rei da Ciranda Pesada,Directed,1
Aretha Sadick,If I'm Here It Is by Mystery,Directed,1
Lorre Motta,If I'm Here It Is by Mystery,Directed,1
Bruna Linzmeyer,If I'm Here It Is by Mystery,Directed,1
Helena Ignez,If I'm Here It Is by Mystery,Directed,1
Zezé Motta,If I'm Here It Is by Mystery,Directed,1
Clarissa Ribeiro,If I'm Here It Is by Mystery,Directed,1
Natalia Carrera,If I'm Here It Is by Mystery,Directed,1
Érica Sarmet,If I'm Here It Is by Mystery,Directed,1
Pedro Urano,If I'm Here It Is by Mystery,Directed,1
Edson Aquino,Apples in the Dark,Directed,1
Mônica Rodrigues,Apples in the Dark,Directed,1
Yago Lima,Apples in the Dark,Directed,1
Ramon Martins,Apples in the Dark,Directed,1
Tommy Germain,Apples in the Dark,Directed,1
Tiago A. Neves,Apples in the Dark,Directed,1
Vinicius Neves,Apples in the Dark,Directed,1
Erick Marinho,Apples in the Dark,Directed,1
Erik Clementino,Apples in the Dark,Directed,1
Nivaldo Rodrigues,Apples in the Dark,Directed,1
LUCAS MARlNHO,Apples in the Dark,Directed,1
Tatiane Britos,Apples in the Dark,Directed,1
Wanderson Mensonça,Apples in the Dark,Directed,1
Taila Albuquerque,Apples in the Dark,Directed,1
Rafael da Silva,Herança,Directed,1
Giovanna Olivieri,Herança,Directed,1
Guilherme Pestana,Herança,Directed,1
Câmera,Herança,Directed,1
Victor Diniz,Herança,Directed,1
Madalena Baptista,Herança,Directed,1
Carolina Salgado,Herança,Directed,1
Nina Moreira,Cecilia's Odyssey,Directed,1
Vanessa Garcia,Cecilia's Odyssey,Directed,1
Erick Oliveira,Cecilia's Odyssey,Directed,1
Gabriela Lencioni,Cecilia's Odyssey,Directed,1
Marina Contrucci,Cecilia's Odyssey,Directed,1
Giulia Wydra,Cecilia's Odyssey,Directed,1
Valeria Schumann Rosso,Cecilia's Odyssey,Directed,1
Yla,Cecilia's Odyssey,Directed,1
Kiko Lapenta,Cecilia's Odyssey,Directed,1
Rana Silva,Cecilia's Odyssey,Directed,1
Givaldo Filho,Cecilia's Odyssey,Directed,1
Lucas Passos,Cecilia's Odyssey,Directed,1
Clébia Sousa,"Segunda-Feira, Então",Directed,1
Erlene Melo,"Segunda-Feira, Então",Directed,1
Everaldo Pontes,"Segunda-Feira, Então",Directed,1
Maria Cecília,"Segunda-Feira, Então",Directed,1
Júlio Pereira,"Segunda-Feira, Então",Directed,1
Gustavo Pessoa,"Segunda-Feira, Então",Directed,1
Juliana Soares,"Segunda-Feira, Então",Directed,1
Pedro Walisson,The Mascot,Directed,1
Huná,The Mascot,Directed,1
Jany Santos,The Mascot,Directed,1
Luciano Pedro Jr.,The Mascot,Directed,1
Jennifer Lorrane,The Mascot,Directed,1
Karol Peixoto,The Mascot,Directed,1
Morghana Paz,The Mascot,Directed,1
Lanne Trindade,The Mascot,Directed,1
Moniza Amaral,The Mascot,Directed,1
Ticiane Simões,The Mascot,Directed,1
Jean Albuquerque,The Mascot,Directed,1
DJ Thuppá,The Mascot,Directed,1
Lucas Litrento,The Mascot,Directed,1
Janderson Felipe,The Mascot,Directed,1
Beatriz Vilela,The Mascot,Directed,1
Amanda Môa,The Mascot,Directed,1
Paulo Silver,The Mascot,Directed,1
Leo Bulhões,The Mascot,Directed,1
Wanderlândia Melo,The Mascot,Directed,1
Ulisses Arthur,The Mascot,Directed,1
Marcos Broa,The Mascot,Directed,1
Leonardo Amorim,The Mascot,Directed,1
Maysa Reis,The Mascot,Directed,1
Maísa Cavalcanti,The Mascot,Directed,1
Pedro Krull,The Mascot,Directed,1
Samuel Cabral,The Mascot,Directed,1
Alessandra Moretti,The Mascot,Directed,1
Marcos André Caraciolo,The Mascot,Directed,1
Emmanuel Miranda,The Mascot,Directed,1
Alex Índio,The Mascot,Directed,1
Daniel Correia,The Mascot,Directed,1
Mayra Costa,The Mascot,Directed,1
Roberto Iuri,The Mascot,Directed,1
Yasmin Thayná,O tempo é um pássaro,Directed,1
Edvaldu Neto,O tempo é um pássaro,Directed,1
Edneia Brazão,There’s No Sea in This Town,Directed,1
Paulo N’Dermei,There’s No Sea in This Town,Directed,1
Manu Zilveti,There’s No Sea in This Town,Directed,1
Laila Oliveira,There’s No Sea in This Town,Directed,1
Lauren Mattiazzi Dilli,There’s No Sea in This Town,Directed,1
Martha Mariot,There’s No Sea in This Town,Directed,1
Mariana do Prado,There’s No Sea in This Town,Directed,1
Juliana Reichow,There’s No Sea in This Town,Directed,1
MaClá,There’s No Sea in This Town,Directed,1
Ana Paula Leal,There’s No Sea in This Town,Directed,1
Marciano Sanca,There’s No Sea in This Town,Directed,1
Pedro Ydac,There’s No Sea in This Town,Directed,1
Gabriel Viegas,There’s No Sea in This Town,Directed,1
Jéssica Porciúncula,There’s No Sea in This Town,Directed,1
Juliana de Andrade,There’s No Sea in This Town,Directed,1
Jackeline Nunes,There’s No Sea in This Town,Directed,1
Pedro Bournokian Moura,There’s No Sea in This Town,Directed,1
Enzo Hofmann,There’s No Sea in This Town,Directed,1
José Pedro Minho Mello,There’s No Sea in This Town,Directed,1
Agnes Lenz,There’s No Sea in This Town,Directed,1
Amanda Rezer,There’s No Sea in This Town,Directed,1
Bruno Chaves,There’s No Sea in This Town,Directed,1
Laura Frigo,There’s No Sea in This Town,Directed,1
Gabriel Silva Santos,There’s No Sea in This Town,Directed,1
Pedro Erlei,There’s No Sea in This Town,Directed,1
Mari-Jô Zilveti Arce,There’s No Sea in This Town,Directed,1
Gregorio Gananian,He Who Saw the Abyss,Directed,1
Negro Leo,He Who Saw the Abyss,Directed,1
Indi Gregório,Expurgo,Directed,1
Henrique Canazart,Expurgo,Directed,1
Lauri Costa,Expurgo,Directed,1
Ariadne Selene,Expurgo,Directed,1
Álvaro Starling,Expurgo,Directed,1
Bruno Eduardo,Expurgo,Directed,1
Gabriel Menicucci,Expurgo,Directed,1
Fernando Schiavon,Expurgo,Directed,1
Lincoln Camargo,Expurgo,Directed,1
Kerolayne Reis,Expurgo,Directed,1
Ramon Modenesi,Expurgo,Directed,1
Mariana de Melo,The Silence of Iron,Directed,1
Yasmin Guimarães,The Silence of Iron,Directed,1
Isaac Donato,Not Dead,Directed,1
Marília Cunha,Not Dead,Directed,1
Frederico Benevides,Not Dead,Directed,1
Ana Luiza Penna,Not Dead,Directed,1
Hamilton Oliveira,Not Dead,Directed,1
Pedro Garcia,Not Dead,Directed,1
Lucília Raimundo,Formosa Beach,Directed,1
Samira Carvalho,Formosa Beach,Directed,1
Maria d'Aires,Formosa Beach,Directed,1
Mãe Celina de Xangô,Formosa Beach,Directed,1
Dandara Machado de Lima,Formosa Beach,Directed,1
Jeniffer Dias,Formosa Beach,Directed,1
Alan Rocha,Formosa Beach,Directed,1
Nizagi Donaciano,Formosa Beach,Directed,1
Thiago Justino,Formosa Beach,Directed,1
Agamenon Bomfim de Abreu,Formosa Beach,Directed,1
Aurora Eyer,Formosa Beach,Directed,1
Áurea Martins,Formosa Beach,Directed,1
Mãe Tissa,Formosa Beach,Directed,1
Julia De Simone,Formosa Beach,Directed,1
Filipa Reis,Formosa Beach,Directed,1
Mariana Luiza,Formosa Beach,Directed,1
Flávio Rebouças,Formosa Beach,Directed,1
Ana Paula Cardoso,Formosa Beach,Directed,1
Ricardo Pretti,Formosa Beach,Directed,1
Carlos Abreu,Formosa Beach,Directed,1
Luana Melgaço,Formosa Beach,Directed,1
Aline Portugal,Formosa Beach,Directed,1
Marco Scarassatti,Formosa Beach,Directed,1
Gabriel Valdevite,BATUCAÊ,Directed,1
Gabriela Calixto,BATUCAÊ,Directed,1
Clyza Sales,BATUCAÊ,Directed,1
Lucas Santana,BATUCAÊ,Directed,1
Giovanna Castilho,BATUCAÊ,Directed,1
Roberto Cicivizzo,BATUCAÊ,Directed,1
Duda Magalhães,BATUCAÊ,Directed,1
Pedro Weh,BATUCAÊ,Directed,1
Rafael Bagnara,BATUCAÊ,Directed,1
Rafaela Bocchi,BATUCAÊ,Directed,1
Alice Gomes,BATUCAÊ,Directed,1
Luccas Neto,Príncipe Lu e a Lenda do Dragão,Directed,1
Renato Aragão,Príncipe Lu e a Lenda do Dragão,Directed,1
Maurício Mattar,Príncipe Lu e a Lenda do Dragão,Directed,1
Giovanna Alparone,Príncipe Lu e a Lenda do Dragão,Directed,1
Beatriz Couto,Príncipe Lu e a Lenda do Dragão,Directed,1
Flávia Monteiro,Príncipe Lu e a Lenda do Dragão,Directed,1
Cássio Scapin,Príncipe Lu e a Lenda do Dragão,Directed,1
Tadeu Mello,Príncipe Lu e a Lenda do Dragão,Directed,1
Pedro Truszko,Príncipe Lu e a Lenda do Dragão,Directed,1
Anajú Dorigon,Príncipe Lu e a Lenda do Dragão,Directed,1
Ana Luísa Amaral,Príncipe Lu e a Lenda do Dragão,Directed,1
Gillray Coutinho,Príncipe Lu e a Lenda do Dragão,Directed,1
Juliana Martins,Príncipe Lu e a Lenda do Dragão,Directed,1
Luke Neto,Príncipe Lu e a Lenda do Dragão,Directed,1
Bella Oliveira,Príncipe Lu e a Lenda do Dragão,Directed,1
Leandro Neri,Príncipe Lu e a Lenda do Dragão,Directed,1
Paulo Halm,Príncipe Lu e a Lenda do Dragão,Directed,1
Cibele Tomaz,Príncipe Lu e a Lenda do Dragão,Directed,1
Mauriceia Rocha,Eu Faço Loucuras por Você,Directed,1
Mariana Neris,Eu Faço Loucuras por Você,Directed,1
Bárbaro Xavier,Eu Faço Loucuras por Você,Directed,1
Bia Moraes,Eu Faço Loucuras por Você,Directed,1
Amanda Doria,Eu Faço Loucuras por Você,Directed,1
Victor Blasques,Eu Faço Loucuras por Você,Directed,1
Heinz Prellwitz,Eu Faço Loucuras por Você,Directed,1
Érika Rocha,Eu Faço Loucuras por Você,Directed,1
Mariana Costa,Eu Faço Loucuras por Você,Directed,1
Guilherme Conceição,Eu Faço Loucuras por Você,Directed,1
Cica Moura,Eu Faço Loucuras por Você,Directed,1
Gabriela Queiroz,Eu Faço Loucuras por Você,Directed,1
Claudio P. Rozin,Eu Faço Loucuras por Você,Directed,1
Lucas Lyrio,Eu Faço Loucuras por Você,Directed,1
Petrus Pacheco,Eu Faço Loucuras por Você,Directed,1
Leonardo Costa Souza,Eu Faço Loucuras por Você,Directed,1
Júlia Figueiró,Eu Faço Loucuras por Você,Directed,1
Mafê Crepaldi,Eu Faço Loucuras por Você,Directed,1
Barbara Grillo,Eu Faço Loucuras por Você,Directed,1
Edson Celulari,Astral City 2: The Messengers,Directed,1
Renato Prieto,Astral City 2: The Messengers,Directed,1
Fábio Lago,Astral City 2: The Messengers,Directed,1
Nando Brandão,Astral City 2: The Messengers,Directed,1
Aline Prado,Astral City 2: The Messengers,Directed,1
Ju Colombo,Astral City 2: The Messengers,Directed,1
Othon Bastos,Astral City 2: The Messengers,Directed,1
Felipe de Carolis,Astral City 2: The Messengers,Directed,1
Fernanda Rodrigues,Astral City 2: The Messengers,Directed,1
Mouhamed Harfouch,Astral City 2: The Messengers,Directed,1
Julianne Trevisol,Astral City 2: The Messengers,Directed,1
Letícia Braga,Astral City 2: The Messengers,Directed,1
Maria Volpe,Astral City 2: The Messengers,Directed,1
Thales Miranda,Astral City 2: The Messengers,Directed,1
Rafael Sieg,Astral City 2: The Messengers,Directed,1
Vanessa Gerbelli,Astral City 2: The Messengers,Directed,1
Camila Lucciola,Astral City 2: The Messengers,Directed,1
Leo Castro,Astral City 2: The Messengers,Directed,1
Lidiane Oliveira,Astral City 2: The Messengers,Directed,1
João Gana,Astral City 2: The Messengers,Directed,1
Ana Cecília Banal,Astral City 2: The Messengers,Directed,1
João Barreto,Astral City 2: The Messengers,Directed,1
Jovan Ferreira,Astral City 2: The Messengers,Directed,1
Paguh,Astral City 2: The Messengers,Directed,1
Maria Rizza,Astral City 2: The Messengers,Directed,1
Jaime Leibovitch,Astral City 2: The Messengers,Directed,1
Leoni Mazzei,Astral City 2: The Messengers,Directed,1
Carlos Tenorio,Astral City 2: The Messengers,Directed,1
Henrique Neves,Astral City 2: The Messengers,Directed,1
Wagner de Assis,Astral City 2: The Messengers,Directed,1
Richard Ávila,Astral City 2: The Messengers,Directed,1
Lívia Pimentel,Astral City 2: The Messengers,Directed,1
P.C. Azevedo,Astral City 2: The Messengers,Directed,1
Chico Xavier,Astral City 2: The Messengers,Directed,1
Thiago Anjos,Astral City 2: The Messengers,Directed,1
Iafa Britz,Astral City 2: The Messengers,Directed,1
Elizabeth Marinho,Astral City 2: The Messengers,Directed,1
Camila Medina,Astral City 2: The Messengers,Directed,1
Zeca Esperança,Astral City 2: The Messengers,Directed,1
Vivian Perl,Astral City 2: The Messengers,Directed,1
Luis Erlanger,Astral City 2: The Messengers,Directed,1
Guto Graça Melo,Astral City 2: The Messengers,Directed,1
Evandro Lima,Astral City 2: The Messengers,Directed,1
Diogo Anjos,Astral City 2: The Messengers,Directed,1
Reka Koves,Astral City 2: The Messengers,Directed,1
Isabel Lobo,Astral City 2: The Messengers,Directed,1
Lia Rezende,Astral City 2: The Messengers,Directed,1
Bruno Bluwol,Astral City 2: The Messengers,Directed,1
Harold Apter,Astral City 2: The Messengers,Directed,1
Lílis Soares,Astral City 2: The Messengers,Directed,1
José Arruda Junior,Astral City 2: The Messengers,Directed,1
Luiz Augusto de Queiroz,Astral City 2: The Messengers,Directed,1
Juliana Mendes,Astral City 2: The Messengers,Directed,1
Adriano Lírio,Astral City 2: The Messengers,Directed,1
Afonso Presto,Astral City 2: The Messengers,Directed,1
Javier Lambert,Astral City 2: The Messengers,Directed,1
Fabi Zanol,Astral City 2: The Messengers,Directed,1
Catherine Beranger,Astral City 2: The Messengers,Directed,1
Ula Schliemann,Astral City 2: The Messengers,Directed,1
Bernardo Brik,Astral City 2: The Messengers,Directed,1
Patricia Lopes,Astral City 2: The Messengers,Directed,1
Nikolae Marschall,Alguma hora da madrugada,Directed,1
Manda Ramoos,MasterChat GPT,Directed,1
Sérgio Silva,MasterChat GPT,Directed,1
Ludmylla Bonfim,MasterChat GPT,Directed,1
Yuri Félix,MasterChat GPT,Directed,1
Hérick João,MasterChat GPT,Directed,1
Severino Cavalcanti,Seu Cavalcanti,Directed,1
Tereza Cavalcanti,Seu Cavalcanti,Directed,1
Isabel Novaes,Seu Cavalcanti,Directed,1
Maeve Jinkings,Seu Cavalcanti,Directed,1
Tânia Maria,Seu Cavalcanti,Directed,1
Jácylla Kennya,Seu Cavalcanti,Directed,1
Leonardo Lacca,Seu Cavalcanti,Directed,1
Tomaz Alves de Souza,Seu Cavalcanti,Directed,1
Emilie Lesclaux,Seu Cavalcanti,Directed,1
Pedro Sotero,Seu Cavalcanti,Directed,1
Mannu Costa,Seu Cavalcanti,Directed,1
Kleber Mendonça Filho,Seu Cavalcanti,Directed,1
Roberto Espinoza,Seu Cavalcanti,Directed,1
Luiz Pretti,Seu Cavalcanti,Directed,1
Swahili Vidal,CABINDA,Directed,1
Olivares Gomes,Wishlist for Superagüi,Directed,1
Valdemir Matias Gomes,Wishlist for Superagüi,Directed,1
Marcell Squenine,Wishlist for Superagüi,Directed,1
Pedro Giongo,Wishlist for Superagüi,Directed,1
Andréa Tomeleri,Wishlist for Superagüi,Directed,1
Renato Ogata,Wishlist for Superagüi,Directed,1
Lucas Maffini,Wishlist for Superagüi,Directed,1
Bruno Carboni,Wishlist for Superagüi,Directed,1
Guilherme Farkas,Wishlist for Superagüi,Directed,1
Carmen Agulham,Wishlist for Superagüi,Directed,1
Ernesto Sena,Wishlist for Superagüi,Directed,1
Guilherme Delamuta,Wishlist for Superagüi,Directed,1
Bianca Martins,Wishlist for Superagüi,Directed,1
Lívia Zafanelli,Wishlist for Superagüi,Directed,1
Betinho Celanex,Wishlist for Superagüi,Directed,1
Yasmin Toretta,Dama Inerte,Directed,1
Daniel Bones,Dama Inerte,Directed,1
Lorena Corrêa,Dama Inerte,Directed,1
Vinícius Couti,Dama Inerte,Directed,1
Thaynara Bromenchenkel,Dama Inerte,Directed,1
Zachia Alitolip,Dama Inerte,Directed,1
Felipe Boleli,Dama Inerte,Directed,1
Junior Rocha,Dama Inerte,Directed,1
Raiany Simões,Dama Inerte,Directed,1
Davi Alves,Dama Inerte,Directed,1
Brun Henrry,Dama Inerte,Directed,1
Daniel Monjardim,Dama Inerte,Directed,1
Angelo Vitor Chiabai,Dama Inerte,Directed,1
Thelma Lopes,Dama Inerte,Directed,1
Ari Vargas,Dama Inerte,Directed,1
Thiago Cordeiro,Dama Inerte,Directed,1
Alex Bonini,Dama Inerte,Directed,1
Jerff Almeida,Dama Inerte,Directed,1
Maria Mourenço,Dama Inerte,Directed,1
Ana Paula Castro,Dama Inerte,Directed,1
Cláudia Raggi Abikair,Dama Inerte,Directed,1
Renza Luiza,Dama Inerte,Directed,1
Cinthya de Oliveira,Dama Inerte,Directed,1
Adonel Junior,Dama Inerte,Directed,1
Wendel Vieira,Dama Inerte,Directed,1
Amanda Freitas,Dama Inerte,Directed,1
Arthur Agostini,Dama Inerte,Directed,1
Juliana Neves,Dama Inerte,Directed,1
Ana Castro,Dama Inerte,Directed,1
Lucas Albuquerque,Dama Inerte,Directed,1
Sérgio Guilherme,Dama Inerte,Directed,1
Ricardo Steff,Dama Inerte,Directed,1
Juan Silva,Dama Inerte,Directed,1
Jessica Roberts,Dama Inerte,Directed,1
Douglas Tubarão,Dama Inerte,Directed,1
Ruan Souza,Dama Inerte,Directed,1
João Victor Candido,Dama Inerte,Directed,1
Lorrane Araújo,Dama Inerte,Directed,1
Tadeu Vieira,Dama Inerte,Directed,1
Daniel Pirola,Dama Inerte,Directed,1
Enzo Rodrigues,Dama Inerte,Directed,1
Lorena Zingre,Dama Inerte,Directed,1
Dianna Bianchi,Dama Inerte,Directed,1
José Luiz Lehmen,Dama Inerte,Directed,1
Emanuel Levi,Dama Inerte,Directed,1
Renan Moreira,Dama Inerte,Directed,1
Mariana Milholo,Dama Inerte,Directed,1
Nathielly Alexandre,Dama Inerte,Directed,1
Lucas Santos,Vídeo sobre o tédio,Directed,1
Kauã Borges,Vídeo sobre o tédio,Directed,1
Ary Fontoura,Tributo: Ary Fontoura,Directed,1
Mariana Ximenes,Tributo: Ary Fontoura,Directed,1
Isadora Wilkinson,Tributo: Ary Fontoura,Directed,1
Matheus Malafaia,Tributo: Ary Fontoura,Directed,1
Lalo Homrich,Tributo: Ary Fontoura,Directed,1
Carlos Blanco,Tributo: Ary Fontoura,Directed,1
Rodrigo de Marsillac,Tributo: Ary Fontoura,Directed,1
Raphael Dias,Tributo: Ary Fontoura,Directed,1
Beatriz Besser,Tributo: Ary Fontoura,Directed,1
Evandro Rius,Tributo: Ary Fontoura,Directed,1
João Tristão,Tributo: Ary Fontoura,Directed,1
Marcelo Henrique Martins,Tributo: Ary Fontoura,Directed,1
Laura Paes,"Mesmo Que Você Não Veja, Eu Confesso",Directed,1
Luiza Laini,"Mesmo Que Você Não Veja, Eu Confesso",Directed,1
Ana Laura Heidorn,"Mesmo Que Você Não Veja, Eu Confesso",Directed,1
Gabriel Almeida,"Mesmo Que Você Não Veja, Eu Confesso",Directed,1
Nícolas Martins,"Mesmo Que Você Não Veja, Eu Confesso",Directed,1
Gabriel Scarpatti,"Mesmo Que Você Não Veja, Eu Confesso",Directed,1
Sara  Ospedal,"Mesmo Que Você Não Veja, Eu Confesso",Directed,1
Guilherme Toledo,"Mesmo Que Você Não Veja, Eu Confesso",Directed,1
Tiago Yukio Nakayama,"Mesmo Que Você Não Veja, Eu Confesso",Directed,1
Paula Ueno,"Mesmo Que Você Não Veja, Eu Confesso",Directed,1
Júlia Pires,"Mesmo Que Você Não Veja, Eu Confesso",Directed,1
Luana Giacon,"Mesmo Que Você Não Veja, Eu Confesso",Directed,1
Gabriela Teodoro,"Mesmo Que Você Não Veja, Eu Confesso",Directed,1
Natália Castilho,"Mesmo Que Você Não Veja, Eu Confesso",Directed,1
Henrique Cremonezzi,"Mesmo Que Você Não Veja, Eu Confesso",Directed,1
Pietra Dini,O Reflexo da Influência,Directed,1
Victoria Ribeiro,O Reflexo da Influência,Directed,1
Laura Cecília,O Reflexo da Influência,Directed,1
Luan Dianderas,O Reflexo da Influência,Directed,1
Luiz Carlos Borralho,O Reflexo da Influência,Directed,1
Pedro Henrique Varalda,O Reflexo da Influência,Directed,1
Athos Rubim,O Reflexo da Influência,Directed,1
João Pedro Peres,O Reflexo da Influência,Directed,1
Caroline Favotto,O Reflexo da Influência,Directed,1
Luís Gongra,O Reflexo da Influência,Directed,1
Eduardo Rocha,O Reflexo da Influência,Directed,1
Gabriel Viana,D1SF0R1A,Directed,1
Jús Saraiva,D1SF0R1A,Directed,1
Thayza Pimenta,D1SF0R1A,Directed,1
Raul da Silva,D1SF0R1A,Directed,1
Bianca Tracanella,D1SF0R1A,Directed,1
Júlia Santiago,D1SF0R1A,Directed,1
Pablo H,D1SF0R1A,Directed,1
Fernando L'Abbate,D1SF0R1A,Directed,1
Matheus Miranda,D1SF0R1A,Directed,1
Vinícius Barbozza,D1SF0R1A,Directed,1
Alessandro Pereira,D1SF0R1A,Directed,1
Vitória Teixeira,D1SF0R1A,Directed,1
Thiago Oliveira,D1SF0R1A,Directed,1
Eduardo Carvalho,A Inteligência Artificial Contra a Estupidez Natural na Oficina do Diabo,Directed,1
Leonardo da Riva,Pedrobó,Directed,1
Igor Blundi,Pedrobó,Directed,1
Eduardo Mikio,Pedrobó,Directed,1
Nicholas Zocolaro,Pedrobó,Directed,1
Marina Shirakawa Costa,Pedrobó,Directed,1
Guilherme Hafez,Pedrobó,Directed,1
Bianca Yuki,Pedrobó,Directed,1
Luã Ériclis,O T-REX E A PEDRA LASCADA,Directed,1
Jéssica Vassaitis,Muito Permanece,Directed,1
Paula Vanina Cencig,Lagrimar,Directed,1
Luiz Gadelha,Lagrimar,Directed,1
Rafael Telles,Lagrimar,Directed,1
Tereza Duarte,Lagrimar,Directed,1
Fernanda Salgado,Lagrimar,Directed,1
Diana Coelho,Lagrimar,Directed,1
Julio Schwantz,Lagrimar,Directed,1
Natália Cardoso,Lagrimar,Directed,1
Johann Jean,Lagrimar,Directed,1
rømã,Kila & Mauna,Directed,1
Muriel Cruz,Kila & Mauna,Directed,1
Ella Monstra,Kila & Mauna,Directed,1
Gabrielly Nicacio,Fios que dão Vida,Directed,1
Pablo Diniz,Fios que dão Vida,Directed,1
Jackson Jardel dos Santos,"Ekedji, aquela que cuida",Directed,1
João Pedro Eugênio de Paiva,"Ekedji, aquela que cuida",Directed,1
Gabrielle Ferreira,The signs are invisible,Directed,1
Julia Araújo,Ana e as Montanhas,Directed,1
Larissa Penna,Pitica and the Perfect Sandwich,Directed,1
Lucca Vendramel,Pitica and the Perfect Sandwich,Directed,1
Fefe Urresti,Pitica and the Perfect Sandwich,Directed,1
Ju Hogata,Pitica and the Perfect Sandwich,Directed,1
Babi Astolfi,Pitica and the Perfect Sandwich,Directed,1
Adolpho Antt,ALIVE,Directed,1
Jad Rocha,ALIVE,Directed,1
Geo Santos,ALIVE,Directed,1
Luanderson Overissimo,ALIVE,Directed,1
Paulo Lins,ALIVE,Directed,1
Fellipe Paixão,ALIVE,Directed,1
Ângelo Antônio,ALIVE,Directed,1
Olga Borges,ALIVE,Directed,1
Odara Evans,ALIVE,Directed,1
Felipe Soares,ALIVE,Directed,1
Gustavo Rayner,ALIVE,Directed,1
Gustavo Amado,ALIVE,Directed,1
Victoria Regina,ALIVE,Directed,1
Fannie Guimarâes,ALIVE,Directed,1
Andressa Santiago,ALIVE,Directed,1
Junior Santos,ALIVE,Directed,1
Luca Alves,ALIVE,Directed,1
Igor Coutinho,ALIVE,Directed,1
Paloma Toledo Afonso,Te Vejo Na Chuva,Directed,1
Stephanie Martins,Te Vejo Na Chuva,Directed,1
Isabella Brêtas,Te Vejo Na Chuva,Directed,1
Alisson Nunes,Te Vejo Na Chuva,Directed,1
Cecília A. de Figueiredo,Te Vejo Na Chuva,Directed,1
Gabriel Casari,Te Vejo Na Chuva,Directed,1
Marina Eduarda,Te Vejo Na Chuva,Directed,1
Gabriel Ritter,Te Vejo Na Chuva,Directed,1
Leonardo Frederico,Te Vejo Na Chuva,Directed,1
Luiza Tani,Te Vejo Na Chuva,Directed,1
Vinicius Chimirri,Te Vejo Na Chuva,Directed,1
Vitória Rocha,Te Vejo Na Chuva,Directed,1
Bianca Vernechio,Te Vejo Na Chuva,Directed,1
Pedro Rodero,Te Vejo Na Chuva,Directed,1
Nathan Luigi,Escada Para o Céu de João Bigode,Directed,1
Pedro Henrique,Escada Para o Céu de João Bigode,Directed,1
Juan Francelino,Escada Para o Céu de João Bigode,Directed,1
Kauê Trindade,Escada Para o Céu de João Bigode,Directed,1
Léo Mister Music,Escada Para o Céu de João Bigode,Directed,1
Lília Reis,Escada Para o Céu de João Bigode,Directed,1
Talisson de Oliveira,Escada Para o Céu de João Bigode,Directed,1
Leandra Melo,Escada Para o Céu de João Bigode,Directed,1
Tiago Zonatto,Escada Para o Céu de João Bigode,Directed,1
Mossoró,Escada Para o Céu de João Bigode,Directed,1
Henrique Sanches,Escada Para o Céu de João Bigode,Directed,1
Amanda Dall'Oca,Escada Para o Céu de João Bigode,Directed,1
Lucas Orquisa,Escada Para o Céu de João Bigode,Directed,1
Roberto Soares,Escada Para o Céu de João Bigode,Directed,1
Danilo Amorim,Escada Para o Céu de João Bigode,Directed,1
Adelaide Cesar,Escada Para o Céu de João Bigode,Directed,1
José Cesar,Escada Para o Céu de João Bigode,Directed,1
Aleffi Brendom,Escada Para o Céu de João Bigode,Directed,1
Lucas Veloso,Escada Para o Céu de João Bigode,Directed,1
Henry Cunha,Okiro,Directed,1
Diana Fidari,Rewind,Directed,1
Felipe de João,Rewind,Directed,1
Laura Braz,Rewind,Directed,1
Beatriz Scaglione,Rewind,Directed,1
Dyovana Santos,Rewind,Directed,1
Felipe Corrêa,Rewind,Directed,1
Ana Vitória Araújo,Rewind,Directed,1
William Lima,Rewind,Directed,1
Fernanda Carbonera,Rewind,Directed,1
Marcos Veiga,Rewind,Directed,1
Gustavo Miguel,Rewind,Directed,1
Maria Fernanda Borges,Rewind,Directed,1
João Victor Patricio,Rewind,Directed,1
Heli Canavezi,Rewind,Directed,1
Ana Luiza Resende,Rewind,Directed,1
Zabell Resende,Rewind,Directed,1
Paloma Merched,Rewind,Directed,1
Samuel Malaquias,Rewind,Directed,1
blind4love,Feelings,Directed,1
Thiaguinho,Tardezinha Pela Vida Inteira,Directed,1
Rafael Zulu,Tardezinha Pela Vida Inteira,Directed,1
Péricles,Tardezinha Pela Vida Inteira,Directed,1
Rodriguinho,Tardezinha Pela Vida Inteira,Directed,1
Belo,Tardezinha Pela Vida Inteira,Directed,1
Maria Rita,Tardezinha Pela Vida Inteira,Directed,1
Gabriel Abayomi,Tardezinha Pela Vida Inteira,Directed,1
Wilson Prateado,Tardezinha Pela Vida Inteira,Directed,1
Fabinho Viotto,Tardezinha Pela Vida Inteira,Directed,1
Junior Pulgão,Tardezinha Pela Vida Inteira,Directed,1
Nego do Pandeiro,Tardezinha Pela Vida Inteira,Directed,1
Mark Soul,Tardezinha Pela Vida Inteira,Directed,1
Danilo Oliveira,Tardezinha Pela Vida Inteira,Directed,1
Rogerinho Nagô,Tardezinha Pela Vida Inteira,Directed,1
Nando Martins,Tardezinha Pela Vida Inteira,Directed,1
Ancelmo Lima,Tardezinha Pela Vida Inteira,Directed,1
Saymon Saz,Tardezinha Pela Vida Inteira,Directed,1
Mumuzinho,Tardezinha Pela Vida Inteira,Directed,1
Chrigor Lisboa,Tardezinha Pela Vida Inteira,Directed,1
Sorriso Maroto,Tardezinha Pela Vida Inteira,Directed,1
Salgadinho,Tardezinha Pela Vida Inteira,Directed,1
Marquinhos Sensação,Tardezinha Pela Vida Inteira,Directed,1
Ferrugem,Tardezinha Pela Vida Inteira,Directed,1
Léo Santana,Tardezinha Pela Vida Inteira,Directed,1
Gloria Groove,Tardezinha Pela Vida Inteira,Directed,1
Netinho de Paula,Tardezinha Pela Vida Inteira,Directed,1
Dilsinho,Tardezinha Pela Vida Inteira,Directed,1
Marvvila,Tardezinha Pela Vida Inteira,Directed,1
Suel,Tardezinha Pela Vida Inteira,Directed,1
Kamisa 10,Tardezinha Pela Vida Inteira,Directed,1
Billy SP,Tardezinha Pela Vida Inteira,Directed,1
Mr. Dan,Tardezinha Pela Vida Inteira,Directed,1
Douglas Aguillar,Tardezinha Pela Vida Inteira,Directed,1
Fran Landhin,Tardezinha Pela Vida Inteira,Directed,1
Arnaldo Mesquita,Tardezinha Pela Vida Inteira,Directed,1
Adriano Gobbi,Tardezinha Pela Vida Inteira,Directed,1
Angelina Trevisan,Tardezinha Pela Vida Inteira,Directed,1
Clarice Duo,Tardezinha Pela Vida Inteira,Directed,1
Jesus Dantas,Tardezinha Pela Vida Inteira,Directed,1
Rodrigo Pépe,Tardezinha Pela Vida Inteira,Directed,1
Ellen Barbosa,Tardezinha Pela Vida Inteira,Directed,1
Grazi Caetano,Tardezinha Pela Vida Inteira,Directed,1
Rodrigo Scott,Tardezinha Pela Vida Inteira,Directed,1
Vitor Hugo Sales,Tardezinha Pela Vida Inteira,Directed,1
Thales Pedote,Tardezinha Pela Vida Inteira,Directed,1
Patrícia Niedermeier,Viagens,Directed,1
Cavi Borges,Viagens,Directed,1
Órion,O gato voador,Directed,1
Davi R. Borges,Em meus sonhos eu posso tocar o céu,Directed,1
Fabrício Basílio,Viventes,Directed,1
Bruno Fredes,All The Better To Hear You With,Directed,1
Ellen Tavares,All The Better To Hear You With,Directed,1
Emiliano Cunha,All The Better To Hear You With,Directed,1
Angie Abreu,All The Better To Hear You With,Directed,1
Mayco Martins,All The Better To Hear You With,Directed,1
Pitagoras Nardi,All The Better To Hear You With,Directed,1
Laura Miritz,All The Better To Hear You With,Directed,1
Noel Rosa,All The Better To Hear You With,Directed,1
Julia Borges,All The Better To Hear You With,Directed,1
Rodrigo Gallo,São Jorge contra o Dragão,Directed,1
Hissa de Urkiola,São Jorge contra o Dragão,Directed,1
Gabriela Eufrásio,São Jorge contra o Dragão,Directed,1
Helcio Hime,São Jorge contra o Dragão,Directed,1
Cavaleiros do Novo Milênio,São Jorge contra o Dragão,Directed,1
Rosario Boyer,São Jorge contra o Dragão,Directed,1
Jacopo da Varazze,São Jorge contra o Dragão,Directed,1
Harry Crowl,A Propósito de Harry,Directed,1
Christopher Faust,A Propósito de Harry,Directed,1
Alexandre Rogoski,A Propósito de Harry,Directed,1
Fernando Severo,A Propósito de Harry,Directed,1
Tomás von der Osten,A Propósito de Harry,Directed,1
Wellington Sari,A Propósito de Harry,Directed,1
Anderson Simão,A Propósito de Harry,Directed,1
Gustavo Castro,A Propósito de Harry,Directed,1
Mia Marzy,A Propósito de Harry,Directed,1
Gabriel Borges,A Propósito de Harry,Directed,1
Daniel Rubinger,[Untitled Project],Directed,1
Gustavo Ramos Ribeiro,[Untitled Project],Directed,1
Miguel Carreto,[Untitled Project],Directed,1
Maria Clara de Aguiar,[Untitled Project],Directed,1
Edimar Souza,[Untitled Project],Directed,1
Lívia C. Soares,[Untitled Project],Directed,1
Iure Martins,[Untitled Project],Directed,1
Sama Rouhani,[Untitled Project],Directed,1
Regiane Agrella,[Untitled Project],Directed,1
Flávia Cesarino,[Untitled Project],Directed,1
Leonardo A. Andrade,[Untitled Project],Directed,1
Tiago Dunham,[Untitled Project],Directed,1
Ana Beatriz de Castilho Bonini,[Untitled Project],Directed,1
Enzo Dias,[Untitled Project],Directed,1
Victor Hugo Cruz Freire,[Untitled Project],Directed,1
Caio Correa,[Untitled Project],Directed,1
Bruno Kenzo Yui,[Untitled Project],Directed,1
Ana Beatriz Cantão de Campos,[Untitled Project],Directed,1
Ian Higashi,[Untitled Project],Directed,1
Frederico Alcantara,[Untitled Project],Directed,1
Felix Galvão,[Untitled Project],Directed,1
Antonia Soares,Off-Line,Directed,1
Catarina Zenaro,Off-Line,Directed,1
Maria Eduarda,Off-Line,Directed,1
Juliana Santos,Off-Line,Directed,1
Manuel Lopes,Off-Line,Directed,1
Pedro Rino Kiyoto,Off-Line,Directed,1
Giovana Marqueto,Off-Line,Directed,1
Arad,It's Own Flesh,Directed,1
Felipe de Azevedo,It's Own Flesh,Directed,1
Alexandra Dutra,It's Own Flesh,Directed,1
Ugo,It's Own Flesh,Directed,1
Leviatã,It's Own Flesh,Directed,1
Mike Souza,Prisioneiros,Directed,1
Anya Tristão,Prisioneiros,Directed,1
Felipe Andolpho,Prisioneiros,Directed,1
Mafê Lacerda,Prisioneiros,Directed,1
Thomaz Toffanetto,Prisioneiros,Directed,1
Rafaella Walerio,Prisioneiros,Directed,1
Renan Rodsan,Prisioneiros,Directed,1
Mariah Araujo,Prisioneiros,Directed,1
Felipe Reis,Prisioneiros,Directed,1
Julia Baltar,Prisioneiros,Directed,1
Marlon Bassaneli,Prisioneiros,Directed,1
Sophia Boregio,Prisioneiros,Directed,1
Clara Estolano,Prisioneiros,Directed,1
Rayssa Rodrigues,Prisioneiros,Directed,1
Ricardo Adham,Prisioneiros,Directed,1
Maiteux Zanela,Prisioneiros,Directed,1
Dherick Flud,Prisioneiros,Directed,1
Gabriel Souza de Tilio,Prisioneiros,Directed,1
Iasmim Millena,Prisioneiros,Directed,1
Gabriela Amaral,Prisioneiros,Directed,1
Heloísa Carvalho,Prisioneiros,Directed,1
Laura Lima e O.,Prisioneiros,Directed,1
Guilherme Ribeiro,Prisioneiros,Directed,1
Italo Yolie,Prisioneiros,Directed,1
Emerson Cipriano,Prisioneiros,Directed,1
Igor Silveira,Prisioneiros,Directed,1
Rodrigo Mendes,Penumbra,Directed,1
José Rubens,Penumbra,Directed,1
Angelo Sousa,Penumbra,Directed,1
Vinícius Mendes,Penumbra,Directed,1
Yann Enrico,Penumbra,Directed,1
Cleide Mariano,Francisco,Directed,1
Momô de Oliveira,Francisco,Directed,1
Arielle Teles,Francisco,Directed,1
Edson Cardoso,Francisco,Directed,1
Clara Silva,Francisco,Directed,1
Gustavo Lins,Francisco,Directed,1
Ed Roberto,Francisco,Directed,1
Pedro Botelho,Francisco,Directed,1
