Id,Label
Mãe Celina de Xangô,Mãe Celina de Xangô
Thais Andrade,Thais Andrade
Ricardo Heim Lonien,Ricardo Heim Lonien
Pio Piolho,Pio Piolho
Daniel Lopes,Daniel Lopes
Guilherme Delamuta,Guilherme Delamuta
Rihanna Barbosa,Rihanna Barbosa
Maria Fernanda Borges,Maria Fernanda Borges
Cristina Amaral,Cristina Amaral
blind4love,blind4love
Izah Cândido,Izah Cândido
Agnes Lenz,Agnes Lenz
Roberto Schilling,Roberto Schilling
Gabriel Valdevite,Gabriel Valdevite
Catarina Zenaro,Catarina Zenaro
Adam The Dystopic,Adam The Dystopic
Isaac Medeiros,Isaac Medeiros
Angelina Trevisan,Angelina Trevisan
Bernardo Brik,Bernardo Brik
Julia Bogochvol,Julia Bogochvol
Alex Ribondi,Alex Ribondi
Lorrane Araújo,Lorrane Araújo
Leonardo Alvarez Saad,Leonardo Alvarez Saad
Dirk Moses,Dirk Moses
Billy SP,Billy SP
Arthur Lira,Arthur Lira
Walther Neto,Walther Neto
Larissa Barbosa,Larissa Barbosa
Thalysson de Oliveira,Thalysson de Oliveira
Mislaine Oliveira,Mislaine Oliveira
Paguh,Paguh
Dona Beatriz Ñsîmba Vita,Dona Beatriz Ñsîmba Vita
Rafa Calil,Rafa Calil
Enzo Rodrigues,Enzo Rodrigues
Edimar Souza,Edimar Souza
Jaime Leibovitch,Jaime Leibovitch
Rafael Zulu,Rafael Zulu
Nancy Angulo,Nancy Angulo
Paulo Serpa,Paulo Serpa
Tiago Dunham,Tiago Dunham
Erik Ely,Erik Ely
Vinicius Benato,Vinicius Benato
Garimpando Garimpeiros,Garimpando Garimpeiros
Giulia Belmonte,Giulia Belmonte
Bruno Gondim Luna,Bruno Gondim Luna
Sabrina Garcia,Sabrina Garcia
Gabriel Souza de Tilio,Gabriel Souza de Tilio
Bianca Medeiros,Bianca Medeiros
Edneia Brazão,Edneia Brazão
Vanessa Castro,Vanessa Castro
Tomás Tancredi,Tomás Tancredi
Pablo Loureiros,Pablo Loureiros
Jovan Ferreira,Jovan Ferreira
Letícia Fernanda da Silva,Letícia Fernanda da Silva
Sonia Guajajara,Sonia Guajajara
Rosane Svartman,Rosane Svartman
Carolina Salgado,Carolina Salgado
Daniela Antonelli Aun,Daniela Antonelli Aun
Gabriel Borges,Gabriel Borges
Maria Eduarda de Souza,Maria Eduarda de Souza
O Naresh Kumar,O Naresh Kumar
Marco Scarassatti,Marco Scarassatti
Gabriel Ferreira,Gabriel Ferreira
The Mascot,The Mascot
Henrique Santana,Henrique Santana
Pedro Motta,Pedro Motta
Bruno Chaves,Bruno Chaves
Tomás von der Osten,Tomás von der Osten
Elane dos Santos Rego,Elane dos Santos Rego
Belo,Belo
Rosinaldo Luna,Rosinaldo Luna
Bruno Badain,Bruno Badain
Talisson de Oliveira,Talisson de Oliveira
Pedro Truszko,Pedro Truszko
Wanderlândia Melo,Wanderlândia Melo
Marcelo Henrique Martins,Marcelo Henrique Martins
Renato Prieto,Renato Prieto
Júlia Rabello,Júlia Rabello
Clara Estolano,Clara Estolano
Marcello Crawshaw,Marcello Crawshaw
Yasmin Batista,Yasmin Batista
Thiago Suman,Thiago Suman
A Noiva Natal,A Noiva Natal
Fernando Schiavon,Fernando Schiavon
Ella Gebara,Ella Gebara
Ricardo Adham,Ricardo Adham
Italo Yolie,Italo Yolie
Paloma Toledo Afonso,Paloma Toledo Afonso
Ricardo Baldessarini,Ricardo Baldessarini
Rafael Jardim,Rafael Jardim
Mark Soul,Mark Soul
Paulo N’Dermei,Paulo N’Dermei
Lívia Zafanelli,Lívia Zafanelli
Not Dead,Not Dead
Yuri Félix,Yuri Félix
Sofia Marinho,Sofia Marinho
Guillen Medeiros,Guillen Medeiros
Mossoró,Mossoró
Marquinhos Sensação,Marquinhos Sensação
Carlos Blanco,Carlos Blanco
Aurora Eyer,Aurora Eyer
João Pedro Faro,João Pedro Faro
Ramon Martins,Ramon Martins
Odair Giraldin,Odair Giraldin
Glaydson Mendes,Glaydson Mendes
Yago Lima,Yago Lima
MC Zero K,MC Zero K
Liliana Cardoso,Liliana Cardoso
Tardezinha Pela Vida Inteira,Tardezinha Pela Vida Inteira
Angelo Sousa,Angelo Sousa
Gabriela Teodoro,Gabriela Teodoro
Marcos Veiga,Marcos Veiga
Alan Rocha,Alan Rocha
Fobia,Fobia
Jonathan Rodrigues,Jonathan Rodrigues
Matheus Malafaia,Matheus Malafaia
Lucas Veloso,Lucas Veloso
Letícia Cabral,Letícia Cabral
Ulisses Arthur,Ulisses Arthur
Luis Franke,Luis Franke
Laila Garin,Laila Garin
Marcos André Caraciolo,Marcos André Caraciolo
Cassiano Ranzolin,Cassiano Ranzolin
Nathan Luigi,Nathan Luigi
Wishlist for Superagüi,Wishlist for Superagüi
CERAMISTAS DA COMUNIDADE DO ELVAS,CERAMISTAS DA COMUNIDADE DO ELVAS
DJ GH do ABC,DJ GH do ABC
PiOinc,PiOinc
Douglas Aguillar,Douglas Aguillar
Órion,Órion
Gi Moraes,Gi Moraes
SOAP,SOAP
Yuri Ventura,Yuri Ventura
Felipe Rhein,Felipe Rhein
Anna Lisboa,Anna Lisboa
Ana Cecília Banal,Ana Cecília Banal
Celina Becker,Celina Becker
Victor Blasques,Victor Blasques
Natália Lage,Natália Lage
The Station,The Station
Lorenzo Affinito,Lorenzo Affinito
Emiliano Cunha,Emiliano Cunha
Adelaide Cesar,Adelaide Cesar
Nina Mayers,Nina Mayers
André Tadeu,André Tadeu
Daniel Greco,Daniel Greco
Flávio Rebouças,Flávio Rebouças
Anselm Franke,Anselm Franke
Bruno Weissmann,Bruno Weissmann
Iure Martins,Iure Martins
Camila Mota,Camila Mota
Luiza Laini,Luiza Laini
Bruna Callegari,Bruna Callegari
Ryan Medeiros,Ryan Medeiros
Patrícia Chamon,Patrícia Chamon
Giulia Wydra,Giulia Wydra
Isabel Lobo,Isabel Lobo
Caco Piacenti,Caco Piacenti
Rodrigo Santoro,Rodrigo Santoro
Kamisa 10,Kamisa 10
Clara Vilas Boas,Clara Vilas Boas
Eduardo Sterblitch,Eduardo Sterblitch
MasterChat GPT,MasterChat GPT
Leonardo Souza,Leonardo Souza
Léo Mister Music,Léo Mister Music
Felipy Andrade,Felipy Andrade
Manoella Ferraz,Manoella Ferraz
Pedrobó,Pedrobó
Priscila Dieminger,Priscila Dieminger
Matheus Zenom,Matheus Zenom
Penumbra,Penumbra
Gabriel Scarpatti,Gabriel Scarpatti
Maré,Maré
Leoni Mazzei,Leoni Mazzei
Rejane Faria,Rejane Faria
Ary França,Ary França
Natália Castilho,Natália Castilho
Gabriel Ritter,Gabriel Ritter
Joseph Neander,Joseph Neander
Daniel Furlan,Daniel Furlan
Renan Fagundes,Renan Fagundes
Luiz Ferraz,Luiz Ferraz
Bruno Bluwol,Bruno Bluwol
JESSIKA CLAUDINO,JESSIKA CLAUDINO
GG FÁKỌ̀LÀDÉ,GG FÁKỌ̀LÀDÉ
Quer Que Eu Saia?,Quer Que Eu Saia?
Renato Falcão,Renato Falcão
Roseli de Belo,Roseli de Belo
Ernesto Sena,Ernesto Sena
Pedro Audir,Pedro Audir
Ramon Batista,Ramon Batista
MC Leo da VH 13,MC Leo da VH 13
Lucas Litrento,Lucas Litrento
Junior Pulgão,Junior Pulgão
Beatriz Vilela,Beatriz Vilela
Yasmim Sant'Anna,Yasmim Sant'Anna
Fernando L'Abbate,Fernando L'Abbate
Júlia Pires,Júlia Pires
Felix Galvão,Felix Galvão
Roberto Iuri,Roberto Iuri
Leonardo Lacca,Leonardo Lacca
Sabryna,Sabryna
Caio Gox,Caio Gox
André Job,André Job
Victor Diniz,Victor Diniz
Gabriela Dyminski,Gabriela Dyminski
Paprica,Paprica
Rafaella Walerio,Rafaella Walerio
Ana Paula Castro,Ana Paula Castro
Ju Campos,Ju Campos
Heloísa Carvalho,Heloísa Carvalho
Issabely Mariah,Issabely Mariah
Lucas Leite Tinoco,Lucas Leite Tinoco
Marcel Colares,Marcel Colares
Tamar Guimarães,Tamar Guimarães
Cristina Llumipanta,Cristina Llumipanta
Débora Nascimento,Débora Nascimento
Viagens,Viagens
Marcos Verza,Marcos Verza
Moniza Amaral,Moniza Amaral
Fannie Guimarâes,Fannie Guimarâes
Lenine Martins,Lenine Martins
Isa Maserati,Isa Maserati
João Barreto,João Barreto
Mayra Lucas,Mayra Lucas
Mouhamed Harfouch,Mouhamed Harfouch
Barbara Grillo,Barbara Grillo
Kethy Kist,Kethy Kist
Pietra Dini,Pietra Dini
Rafa Duarte,Rafa Duarte
Eduarda Fernandes,Eduarda Fernandes
Mari-Jô Zilveti Arce,Mari-Jô Zilveti Arce
Adriano Siri,Adriano Siri
Netinho de Paula,Netinho de Paula
Cosmo Salisme,Cosmo Salisme
Hisadora Ferreira,Hisadora Ferreira
Dangelis Brito,Dangelis Brito
Johann Jean,Johann Jean
Victor Sant'annah,Victor Sant'annah
O tempo é um pássaro,O tempo é um pássaro
Gastón Gabriel Rodríguez,Gastón Gabriel Rodríguez
Fabrício Basílio,Fabrício Basílio
Nirvana,Nirvana
The Real Drift King,The Real Drift King
A Cachoeira dos Pássaros,A Cachoeira dos Pássaros
Michele Manoel,Michele Manoel
Alice Arida,Alice Arida
Pedro Carvalho,Pedro Carvalho
Sjrz,Sjrz
Murilo Cerentini,Murilo Cerentini
Rodrigo Sousa & Sousa,Rodrigo Sousa & Sousa
Lucas Orquisa,Lucas Orquisa
Caio Flávio,Caio Flávio
Alisson Nunes,Alisson Nunes
Cássio Nascimento,Cássio Nascimento
Fios que dão Vida,Fios que dão Vida
Tereza Cavalcanti,Tereza Cavalcanti
Gabriela Lencioni,Gabriela Lencioni
João Vitor Moreno,João Vitor Moreno
Emanuele Sales,Emanuele Sales
The Shell Covered Ox,The Shell Covered Ox
Lília Reis,Lília Reis
Rafael Toledo,Rafael Toledo
Luiz Carlos Borralho,Luiz Carlos Borralho
Gatorama,Gatorama
Miriam Biderman,Miriam Biderman
Jonnas Rosa,Jonnas Rosa
Tamiha Mohamed,Tamiha Mohamed
Vitor Acacio,Vitor Acacio
Mariana Rodrigues,Mariana Rodrigues
RAMON ZAGOTTO,RAMON ZAGOTTO
O T-REX E A PEDRA LASCADA,O T-REX E A PEDRA LASCADA
Samira Carvalho,Samira Carvalho
Maysa Carolino,Maysa Carolino
Ana Claúdia Miguel,Ana Claúdia Miguel
Ataíde Arcoverde,Ataíde Arcoverde
Renata Miklos,Renata Miklos
Pérola Fernandes,Pérola Fernandes
Mariana Costa,Mariana Costa
Felipe Enio,Felipe Enio
Pedro Weh,Pedro Weh
As Cinzas de Pedro,As Cinzas de Pedro
Luisa Cavanagh,Luisa Cavanagh
João Pedro Eugênio de Paiva,João Pedro Eugênio de Paiva
Ana Beatriz Cantão de Campos,Ana Beatriz Cantão de Campos
Charles Mascarenhas,Charles Mascarenhas
As Conspirações Alienígenas: part. I,As Conspirações Alienígenas: part. I
A Criação de Frankenstein,A Criação de Frankenstein
Teuda Bara,Teuda Bara
Yasmin Thayná,Yasmin Thayná
Reka Koves,Reka Koves
Fernando Miller,Fernando Miller
Ticiane Simões,Ticiane Simões
João Lanari Bo,João Lanari Bo
Ana Cecilia Barroso,Ana Cecilia Barroso
Cassino,Cassino
Nanci Alves,Nanci Alves
João Victor T. Loreto,João Victor T. Loreto
Beto Villares,Beto Villares
Aleffi Brendom,Aleffi Brendom
Vasilios Papapitsio,Vasilios Papapitsio
Flávia Cesarino,Flávia Cesarino
Eliana Fonseca,Eliana Fonseca
Julio Schwantz,Julio Schwantz
Flavio Andrade,Flavio Andrade
Mendhelson Luiz,Mendhelson Luiz
Elucida,Elucida
Bruninho JS,Bruninho JS
Vitor Inácio Paiva,Vitor Inácio Paiva
Bianca Clerc,Bianca Clerc
nico albuquerque,nico albuquerque
Marianne Batista,Marianne Batista
Wilson Prateado,Wilson Prateado
Pill Nation,Pill Nation
Heron Condor,Heron Condor
Guilherme Ferreira,Guilherme Ferreira
Maria Cândida Xavier,Maria Cândida Xavier
Mateus Solano,Mateus Solano
Fábio Henrique,Fábio Henrique
Eduardo Clark,Eduardo Clark
Pedro Salles Santiago,Pedro Salles Santiago
Roberto Soares,Roberto Soares
Adriana C. M. Duarte,Adriana C. M. Duarte
Quarto Level 1,Quarto Level 1
Pedro Henrique Loreto,Pedro Henrique Loreto
Mariana de Melo,Mariana de Melo
Vinicius Tostes,Vinicius Tostes
Mariah Araujo,Mariah Araujo
Rana Silva,Rana Silva
Antonio Ferraz,Antonio Ferraz
Golpe de Vista,Golpe de Vista
Patrícia Niedermeier,Patrícia Niedermeier
Daniel Thomas,Daniel Thomas
Sirmar Antunes,Sirmar Antunes
Letícia Sanches,Letícia Sanches
Fabián Cevallos Vivar,Fabián Cevallos Vivar
Luiza Ramos,Luiza Ramos
Simone Giovine,Simone Giovine
Leandra Melo,Leandra Melo
Henrique Sanches,Henrique Sanches
Léo Pessoa,Léo Pessoa
Enzo Dias,Enzo Dias
José Arruda Junior,José Arruda Junior
Ricardo Costa Barros,Ricardo Costa Barros
Artificial but very sensitive,Artificial but very sensitive
Danilo Oliveira,Danilo Oliveira
Fabian Cantieri,Fabian Cantieri
Ricardo Stuckert,Ricardo Stuckert
Beatryz Costa,Beatryz Costa
José Rubens,José Rubens
Gabriel Menicucci,Gabriel Menicucci
Emerson Cipriano,Emerson Cipriano
João Gana,João Gana
Luis Miranda,Luis Miranda
Maisnerd,Maisnerd
João Coelho,João Coelho
Peter Babinski,Peter Babinski
Pedro Krull,Pedro Krull
Carol Scortegagna,Carol Scortegagna
Vitor Coutinho,Vitor Coutinho
Matheus Smith,Matheus Smith
Yasmin Toretta,Yasmin Toretta
Flor Gil,Flor Gil
Maysa Reis,Maysa Reis
Amanda Doria,Amanda Doria
Bruno Lisboa,Bruno Lisboa
Dama Inerte,Dama Inerte
Leandro Shirmer,Leandro Shirmer
Manu Zilveti,Manu Zilveti
Marcus Veríssimo,Marcus Veríssimo
Lilian Zoldan,Lilian Zoldan
Davi Cândido,Davi Cândido
Sérgio Silva,Sérgio Silva
Leonardo Mendonça,Leonardo Mendonça
Givanildo Batista,Givanildo Batista
Laura Paes,Laura Paes
Eric Pimentel,Eric Pimentel
Tainá Brasileiro,Tainá Brasileiro
Gustavo Soares,Gustavo Soares
Marcelo “PIG” Bosio,Marcelo “PIG” Bosio
Cavaleiros do Novo Milênio,Cavaleiros do Novo Milênio
Sofia Marques,Sofia Marques
Bemok Txucarramãe,Bemok Txucarramãe
Betinho Celanex,Betinho Celanex
Kiko Lapenta,Kiko Lapenta
Daniel Turini,Daniel Turini
Fábio de Borthole,Fábio de Borthole
Rafael Godoy,Rafael Godoy
Tonico Pereira,Tonico Pereira
Roberto Cicivizzo,Roberto Cicivizzo
Bianca Paiva,Bianca Paiva
Babi Astolfi,Babi Astolfi
Pedro Arantes,Pedro Arantes
Zezé Motta,Zezé Motta
Ellen Tavares,Ellen Tavares
Vila dos Criadores: O Direito de (R)Existir,Vila dos Criadores: O Direito de (R)Existir
Ramon Modenesi,Ramon Modenesi
Elizabeth Ramos,Elizabeth Ramos
Monique Monteiro,Monique Monteiro
Rodrigo Francisco,Rodrigo Francisco
Tiago Zonatto,Tiago Zonatto
Vídeo sobre o tédio,Vídeo sobre o tédio
Kyra Ice,Kyra Ice
Leo Jacob,Leo Jacob
Paula Sued,Paula Sued
Gregorio Gananian,Gregorio Gananian
Henrique Andrade,Henrique Andrade
Clébia Sousa,Clébia Sousa
André Novais Oliveira,André Novais Oliveira
André Madrini,André Madrini
Agenor Evangelista,Agenor Evangelista
Richard Ávila,Richard Ávila
Daniel Lupo,Daniel Lupo
Márcio Coutinho,Márcio Coutinho
Bianca Yuki,Bianca Yuki
Mayra Costa,Mayra Costa
Okiro,Okiro
Luiz Netto,Luiz Netto
José Pedro Minho Mello,José Pedro Minho Mello
A História do Amor,A História do Amor
Ricardo Cappelli,Ricardo Cappelli
Sarah Cafiero,Sarah Cafiero
Monica Catalane,Monica Catalane
Vinicius Santos,Vinicius Santos
Jean Albuquerque,Jean Albuquerque
Ibria Lopes,Ibria Lopes
Igor Coutinho,Igor Coutinho
Dario Lopes,Dario Lopes
Marina Sartoreli,Marina Sartoreli
Pedro Balderama,Pedro Balderama
Cássia Girardi,Cássia Girardi
Luana Garczynski Alvim,Luana Garczynski Alvim
Bruno Carboni,Bruno Carboni
Laura Frigo,Laura Frigo
Viventes,Viventes
Eduardo Carvalho,Eduardo Carvalho
Paulo Moraes de Souza Dantas,Paulo Moraes de Souza Dantas
Rodrigo Mendes,Rodrigo Mendes
Flávio Dino,Flávio Dino
Fábio Lago,Fábio Lago
Gabriel Viegas,Gabriel Viegas
Lidiane Oliveira,Lidiane Oliveira
Lorre Motta,Lorre Motta
Mariana Ximenes,Mariana Ximenes
Evandro Rius,Evandro Rius
Taila Albuquerque,Taila Albuquerque
Gabe Lemes,Gabe Lemes
Fabiana de Oliveira,Fabiana de Oliveira
Suel,Suel
Ju Hogata,Ju Hogata
Fefe Urresti,Fefe Urresti
Sophia Boregio,Sophia Boregio
Saymon Saz,Saymon Saz
Felipe de Carolis,Felipe de Carolis
Gabrielly Nicacio,Gabrielly Nicacio
O Reflexo da Influência,O Reflexo da Influência
Lagrimar,Lagrimar
Amanda Môa,Amanda Môa
Emanuel Levi,Emanuel Levi
Tiago A. Neves,Tiago A. Neves
Diana Coelho,Diana Coelho
Maria Sole,Maria Sole
Seu Cavalcanti,Seu Cavalcanti
GG Albuquerque,GG Albuquerque
Gustavo Coelho,Gustavo Coelho
Ivy Serravalle,Ivy Serravalle
Juan Silva,Juan Silva
Thiago Medeiros,Thiago Medeiros
"Tuire, O Gesto do Facão","Tuire, O Gesto do Facão"
Jad Rocha,Jad Rocha
João Tristão,João Tristão
Felipe Goulart,Felipe Goulart
Léo Bertero,Léo Bertero
Pedro Lanna,Pedro Lanna
Gillray Coutinho,Gillray Coutinho
Vanessa Gerbelli,Vanessa Gerbelli
Amanda Dall'Oca,Amanda Dall'Oca
Terror Mandelão,Terror Mandelão
João Vítor Costa,João Vítor Costa
Evi Chaiben,Evi Chaiben
Ugo,Ugo
Celio Castro,Celio Castro
He Who Saw the Abyss,He Who Saw the Abyss
Julia De Simone,Julia De Simone
Caio Gullane,Caio Gullane
Marlon Bassaneli,Marlon Bassaneli
João Pedro Gottardo,João Pedro Gottardo
GabeGonca,GabeGonca
Rogerinho Nagô,Rogerinho Nagô
Luís Knihs,Luís Knihs
Gabriel Casari,Gabriel Casari
Rafael Telles,Rafael Telles
BATUCAÊ,BATUCAÊ
Ingrid Gonçalves,Ingrid Gonçalves
Jose Aragão Jr.,Jose Aragão Jr.
Cléo Ávila,Cléo Ávila
Panacéia,Panacéia
Ana Luiza Resende,Ana Luiza Resende
Ana Emidia,Ana Emidia
Leandro Firmino,Leandro Firmino
Giovanna Ewbank,Giovanna Ewbank
Rafael Norton,Rafael Norton
Leon Reis,Leon Reis
Verônica Reis,Verônica Reis
Maria Lucia Diniz,Maria Lucia Diniz
Mariana Spoladore,Mariana Spoladore
Gabriel Mendes,Gabriel Mendes
O Gráfico Amador,O Gráfico Amador
Bruno Vinicius,Bruno Vinicius
Herança,Herança
Lucas Borges,Lucas Borges
Fabio Augusto Barreto,Fabio Augusto Barreto
Isaac Donato,Isaac Donato
Maria Rizza,Maria Rizza
dévora mc,dévora mc
Vinícius Barbozza,Vinícius Barbozza
Vitória Rocha,Vitória Rocha
Rodrigo Scott,Rodrigo Scott
Kleber Mendonça Filho,Kleber Mendonça Filho
Deborah Carvalho,Deborah Carvalho
Quarter Finals or Why I Decided to Support Brazil,Quarter Finals or Why I Decided to Support Brazil
Tiago Yukio Nakayama,Tiago Yukio Nakayama
Henrique Medina,Henrique Medina
Maria Salete,Maria Salete
João Victor Almeida,João Victor Almeida
Luiza Tani,Luiza Tani
Angelo Ravazi,Angelo Ravazi
André Cerf,André Cerf
Thalita Batista,Thalita Batista
Erick Martíncues,Erick Martíncues
João Fiorini,João Fiorini
São Jorge contra o Dragão,São Jorge contra o Dragão
Beatriz Nominato,Beatriz Nominato
Raquel M. Deliberador,Raquel M. Deliberador
Silvio Marques,Silvio Marques
Luciana Abbud,Luciana Abbud
Gabriela Calixto,Gabriela Calixto
Théo Garboza,Théo Garboza
Emili Araujo,Emili Araujo
Bruno Eduardo,Bruno Eduardo
Pedro Ladeira,Pedro Ladeira
A Inteligência Artificial Contra a Estupidez Natural na Oficina do Diabo,A Inteligência Artificial Contra a Estupidez Natural na Oficina do Diabo
Emmanuel Miranda,Emmanuel Miranda
Gabriela Queiroz,Gabriela Queiroz
Humberto Mundim,Humberto Mundim
"Edmisio, que foi para São Paulo atrás do dinheiro que o vento leva","Edmisio, que foi para São Paulo atrás do dinheiro que o vento leva"
Thelma Lopes,Thelma Lopes
Ana Tereza Gedeão,Ana Tereza Gedeão
Beatriz Besser,Beatriz Besser
Fabi Zanol,Fabi Zanol
Pedro Henrique Varalda,Pedro Henrique Varalda
Nicolas Thomé Zetune,Nicolas Thomé Zetune
Cecilia's Odyssey,Cecilia's Odyssey
Maria Clara Dinali,Maria Clara Dinali
Luiz Inácio Lula da Silva,Luiz Inácio Lula da Silva
Antônio Zeni,Antônio Zeni
Luana Melgaço,Luana Melgaço
Anita – A Guerreira de Dois Mundos,Anita – A Guerreira de Dois Mundos
Duda Magalhães,Duda Magalhães
Beatriz Couto,Beatriz Couto
Wagner Neves,Wagner Neves
Enedson Gomes,Enedson Gomes
Yuri Scocuglia,Yuri Scocuglia
Monumental,Monumental
Tati Bressan,Tati Bressan
Marcos Breda,Marcos Breda
Escada Para o Céu de João Bigode,Escada Para o Céu de João Bigode
Denise Tibiriçá Machado,Denise Tibiriçá Machado
Blockbuster,Blockbuster
Guto Graça Melo,Guto Graça Melo
Sofia Cordeiro,Sofia Cordeiro
Bia Moraes,Bia Moraes
Duda Larson,Duda Larson
Edson Cardoso,Edson Cardoso
Aquiles Lopes,Aquiles Lopes
Junior Rocha,Junior Rocha
Cleriton F. Alves,Cleriton F. Alves
Hebert Eligo dos Santos,Hebert Eligo dos Santos
Maria das Mêrces,Maria das Mêrces
Gustavo Borges,Gustavo Borges
Gabriel Abayomi,Gabriel Abayomi
Wendel Vieira,Wendel Vieira
Thayza Pimenta,Thayza Pimenta
Marcelo Corpanni,Marcelo Corpanni
Ella Monstra,Ella Monstra
Ian Higashi,Ian Higashi
Áurea Martins,Áurea Martins
Giovani Nori,Giovani Nori
Adriano Lírio,Adriano Lírio
Bruno Gagliasso,Bruno Gagliasso
Thiago Anjos,Thiago Anjos
Aldrey Mury,Aldrey Mury
Carlos Francisco,Carlos Francisco
Dherick Flud,Dherick Flud
Renato Aragão,Renato Aragão
Juliano de Freitas Loreto,Juliano de Freitas Loreto
Guilherme Hafez,Guilherme Hafez
Tepha Nascimento,Tepha Nascimento
Ricardo Pretti,Ricardo Pretti
Maria Fernanda,Maria Fernanda
José Neto,José Neto
Mateus Umbelino,Mateus Umbelino
Carlos Tenorio,Carlos Tenorio
Fábio Andrade,Fábio Andrade
Cíntia Lima,Cíntia Lima
Amazyles de Almeida,Amazyles de Almeida
Lucas Passos,Lucas Passos
Chama a Bebel,Chama a Bebel
Fernanda Ranieri,Fernanda Ranieri
Cássio Scapin,Cássio Scapin
Aretha Sadick,Aretha Sadick
Mariane Prado,Mariane Prado
Breno Guarino,Breno Guarino
Fernando Mendonça,Fernando Mendonça
Vinícius Romero,Vinícius Romero
Mayco Martins,Mayco Martins
Javier Lambert,Javier Lambert
Priscilla Colombi,Priscilla Colombi
João Paulo Freitas,João Paulo Freitas
Andréa Tomeleri,Andréa Tomeleri
Pollyana Castro,Pollyana Castro
Gabriel Barrella,Gabriel Barrella
Erick Oliveira,Erick Oliveira
Priscila Germano,Priscila Germano
Maeve Jinkings,Maeve Jinkings
Camila Kupac,Camila Kupac
Mauro Henrique Soarez,Mauro Henrique Soarez
Hérick João,Hérick João
Juliana Munhoz,Juliana Munhoz
Geo Santos,Geo Santos
Leonardo da Riva,Leonardo da Riva
Humberto dos Santos,Humberto dos Santos
Sara  Ospedal,Sara  Ospedal
Samuel Malaquias,Samuel Malaquias
Leviatã,Leviatã
Guilherme Toledo,Guilherme Toledo
Roberto Espinoza,Roberto Espinoza
Leonardo Amorim,Leonardo Amorim
Rodrigo Gallo,Rodrigo Gallo
Alex Índio,Alex Índio
Tomaz Alves de Souza,Tomaz Alves de Souza
Bea Calazans,Bea Calazans
Nina Moreira,Nina Moreira
Adriana Nunes,Adriana Nunes
MC Menor Ryan,MC Menor Ryan
Greg Andersen,Greg Andersen
Henry Cunha,Henry Cunha
Janderson Felipe,Janderson Felipe
Olivares Gomes,Olivares Gomes
Jackson Jardel dos Santos,Jackson Jardel dos Santos
Guilherme Rodio,Guilherme Rodio
Babu Santana,Babu Santana
Pauline Seifert,Pauline Seifert
Tommy Germain,Tommy Germain
Cristobal Alvarez,Cristobal Alvarez
AFARI,AFARI
Raquel Palma,Raquel Palma
Angelo Vitor Chiabai,Angelo Vitor Chiabai
Luiz Gomide Walther,Luiz Gomide Walther
Samuel D'Almeida,Samuel D'Almeida
Huná,Huná
Clara Maltaca,Clara Maltaca
Márcio Nicolosi,Márcio Nicolosi
Mauriceia Rocha,Mauriceia Rocha
Júlio Andrade,Júlio Andrade
Luca Alves,Luca Alves
Raí Benetti,Raí Benetti
Victoria Ribeiro,Victoria Ribeiro
Juliana Martins,Juliana Martins
Jéssica Porciúncula,Jéssica Porciúncula
Anzol,Anzol
Thiago Cordeiro,Thiago Cordeiro
Cecília A. de Figueiredo,Cecília A. de Figueiredo
Danilo Amorim,Danilo Amorim
João Fernando Chagas,João Fernando Chagas
8 de janeiro: Anatomia de um Ataque Golpista,8 de janeiro: Anatomia de um Ataque Golpista
Ingrid Guimarães,Ingrid Guimarães
At night all cats are brown,At night all cats are brown
Margarita Tsomou,Margarita Tsomou
Laura Cecília,Laura Cecília
Nando Martins,Nando Martins
Adolpho Antt,Adolpho Antt
Nicholas Zocolaro,Nicholas Zocolaro
Pietra Soriano,Pietra Soriano
Não jogue sozinha,Não jogue sozinha
Luísa Santana,Luísa Santana
Ana Julia T. Loreto,Ana Julia T. Loreto
YASMIN NOLASCO,YASMIN NOLASCO
Dave Kost,Dave Kost
Tereza Duarte,Tereza Duarte
Theo Laender,Theo Laender
Lúcido,Lúcido
Renato Castro,Renato Castro
Alessandra Moretti,Alessandra Moretti
Fernanda Salgado,Fernanda Salgado
MC Dolabella,MC Dolabella
Jasmina Metwaly,Jasmina Metwaly
Ricardo Makoto,Ricardo Makoto
Helton  Yan,Helton  Yan
Arielle Teles,Arielle Teles
Marcel Pires,Marcel Pires
Lucas Maffini,Lucas Maffini
D1SF0R1A,D1SF0R1A
Expurgo,Expurgo
Julio Folha,Julio Folha
Fuligem,Fuligem
Luan Dianderas,Luan Dianderas
Saideira,Saideira
Pedro Botelho,Pedro Botelho
8/1 – A Democracia Resiste,8/1 – A Democracia Resiste
Nathielly Alexandre,Nathielly Alexandre
Comprimidos,Comprimidos
Joca Martins,Joca Martins
Naomi Lamarck,Naomi Lamarck
Daniel Jaber,Daniel Jaber
Thiago Oliveira,Thiago Oliveira
Angie Abreu,Angie Abreu
Michel Schettert,Michel Schettert
Lucas Pontes,Lucas Pontes
The Tuber,The Tuber
The signs are invisible,The signs are invisible
Giovanna Rubio Rotter,Giovanna Rubio Rotter
Cleide Mariano,Cleide Mariano
"Segunda-Feira, Então","Segunda-Feira, Então"
Sítio,Sítio
Dianna Bianchi,Dianna Bianchi
Léo Santana,Léo Santana
Tainá Muniz,Tainá Muniz
Gustavo Aguiar,Gustavo Aguiar
Estevam Neto,Estevam Neto
Pablo Diniz,Pablo Diniz
PAVINISS,PAVINISS
Olga Borges,Olga Borges
Erico Theobaldo,Erico Theobaldo
Louco como Van Gogh,Louco como Van Gogh
Fabio Henrique,Fabio Henrique
Clarissa Ribeiro,Clarissa Ribeiro
Adriano Araújo,Adriano Araújo
Zachia Alitolip,Zachia Alitolip
Andressa Santiago,Andressa Santiago
Severino Cavalcanti,Severino Cavalcanti
Aline Portugal,Aline Portugal
Muito Permanece,Muito Permanece
Catarina Ay,Catarina Ay
Brun Henrry,Brun Henrry
Gabriela Eufrásio,Gabriela Eufrásio
Carol Roberto,Carol Roberto
Juliana Lemes,Juliana Lemes
Zabell Resende,Zabell Resende
Gabrielle Ferreira,Gabrielle Ferreira
Lucca Vendramel,Lucca Vendramel
Corvo de Madeira,Corvo de Madeira
Juliana Mendes,Juliana Mendes
Teca Pereira,Teca Pereira
Denise Costa dos Santos,Denise Costa dos Santos
Jacopo da Varazze,Jacopo da Varazze
Monica Iozzi,Monica Iozzi
Emilly Freitas,Emilly Freitas
Matheus (Theus),Matheus (Theus)
Fil Pinheiro,Fil Pinheiro
Erick Marinho,Erick Marinho
Amanda Devulsky,Amanda Devulsky
Cartas,Cartas
Janniê Kecio,Janniê Kecio
Fernando Pereira,Fernando Pereira
Rubén Valdés,Rubén Valdés
I did not come either,I did not come either
Anna Brito,Anna Brito
Amanda Rezer,Amanda Rezer
Jorgeninh,Jorgeninh
Gláucia Vandeveld,Gláucia Vandeveld
It's Own Flesh,It's Own Flesh
Catarina Chamon,Catarina Chamon
Isadora Siciliano Carrete,Isadora Siciliano Carrete
Ester Mutz,Ester Mutz
Mafê Lacerda,Mafê Lacerda
Evandro Lima,Evandro Lima
Laura Lima e O.,Laura Lima e O.
Stephanie Martins,Stephanie Martins
Edward Noeltner,Edward Noeltner
Leave the Doll in the Car,Leave the Doll in the Car
André Berzagui,André Berzagui
Hanna Queiroz,Hanna Queiroz
Alex Bonini,Alex Bonini
Letícia Teixeira,Letícia Teixeira
Anderson Soninho,Anderson Soninho
There’s No Sea in This Town,There’s No Sea in This Town
Sumedha Saraogi,Sumedha Saraogi
Mariana Rocha,Mariana Rocha
Zé Fernandes,Zé Fernandes
Vent,Vent
Beatriz Scaglione,Beatriz Scaglione
Noah's Ark,Noah's Ark
Duca Duarte,Duca Duarte
Carol Brant,Carol Brant
Maurício Mattar,Maurício Mattar
Mia Marzy,Mia Marzy
Davi Alves,Davi Alves
Marília Rossdeutscher,Marília Rossdeutscher
Bianca dos Santos,Bianca dos Santos
Um Festival Pela Vida Das Mulheres,Um Festival Pela Vida Das Mulheres
Guilherme Ribeiro,Guilherme Ribeiro
Lucas Santos,Lucas Santos
Astral City 2: The Messengers,Astral City 2: The Messengers
Maurício Eça,Maurício Eça
Paulo Nascimento,Paulo Nascimento
Sinai Sganzerla,Sinai Sganzerla
CABINDA,CABINDA
Paula Ueno,Paula Ueno
Situationship,Situationship
Pedro Bournokian Moura,Pedro Bournokian Moura
Laila Oliveira,Laila Oliveira
Luís Gongra,Luís Gongra
Gustavo Crus,Gustavo Crus
Daniel Correia,Daniel Correia
João Pedro Peres,João Pedro Peres
Paulo Trindade,Paulo Trindade
Ian Garcia,Ian Garcia
Rosaria,Rosaria
Laura Guimarães,Laura Guimarães
Na Estrada Pra California,Na Estrada Pra California
Pedro Erlei,Pedro Erlei
Ana e as Montanhas,Ana e as Montanhas
Marcelo Adnet,Marcelo Adnet
Ana Teixeira Pinto,Ana Teixeira Pinto
Harold Apter,Harold Apter
Andressa Matos,Andressa Matos
Anderson Craveiro,Anderson Craveiro
Swahili Vidal,Swahili Vidal
Ary Fontoura,Ary Fontoura
Diogo Anjos,Diogo Anjos
Davi R. Borges,Davi R. Borges
Our flyer would look like this,Our flyer would look like this
Francineide Bandeira,Francineide Bandeira
Julia Borges,Julia Borges
Evando Pessoa,Evando Pessoa
Luciana Barou,Luciana Barou
Esdras Victor,Esdras Victor
Nathalia Quimbay Cadena,Nathalia Quimbay Cadena
Mariana Neris,Mariana Neris
Fabinho Viotto,Fabinho Viotto
Tatiane Britos,Tatiane Britos
If I'm Here It Is by Mystery,If I'm Here It Is by Mystery
Lorena Zingre,Lorena Zingre
Luz Bárbara,Luz Bárbara
Cláudia Assunção,Cláudia Assunção
Mãe Tissa,Mãe Tissa
Júlia Figueiró,Júlia Figueiró
Daniela Dams,Daniela Dams
Dudu Oliveira,Dudu Oliveira
Jacu,Jacu
Adriel Martorelli,Adriel Martorelli
João Victor Candido,João Victor Candido
Mario Caldato Jr.,Mario Caldato Jr.
João Miàtti,João Miàtti
Ana Cecília Lima,Ana Cecília Lima
Maria Rita,Maria Rita
Aline Prado,Aline Prado
Pitagoras Nardi,Pitagoras Nardi
Giovanna Alparone,Giovanna Alparone
Aline Duda,Aline Duda
Victor Ciappina,Victor Ciappina
Julianne Trevisol,Julianne Trevisol
Ula Schliemann,Ula Schliemann
Yasmin Guimarães,Yasmin Guimarães
Wilson Olien,Wilson Olien
Rony Severiano,Rony Severiano
The Things You Said On That Cloudy Day,The Things You Said On That Cloudy Day
Bebé Salvego,Bebé Salvego
Pedro Melo,Pedro Melo
Juliana Koetz,Juliana Koetz
Regiane Agrella,Regiane Agrella
The First Women,The First Women
Sonia Harumi,Sonia Harumi
Roberta Zola,Roberta Zola
Sola,Sola
Vinicius Chimirri,Vinicius Chimirri
Leonardo Costa Souza,Leonardo Costa Souza
Clara Cury,Clara Cury
Áquila Felix,Áquila Felix
Catherine Beranger,Catherine Beranger
Felipe de Azevedo,Felipe de Azevedo
Luiz Eduardo Kogut,Luiz Eduardo Kogut
Fred Vitolla,Fred Vitolla
DJ Knote,DJ Knote
Empunhando a Esperança,Empunhando a Esperança
Vinicius Campos,Vinicius Campos
Carlos Paes,Carlos Paes
Hissa de Urkiola,Hissa de Urkiola
Caio Correa,Caio Correa
"Mesmo Que Você Não Veja, Eu Confesso","Mesmo Que Você Não Veja, Eu Confesso"
Labibe Araújo,Labibe Araújo
Jackson Antunes,Jackson Antunes
Rafael M. P. Lindemeyer,Rafael M. P. Lindemeyer
Suely Franco,Suely Franco
Zukas,Zukas
Leticia Friedrich,Leticia Friedrich
Anya Tristão,Anya Tristão
Victor Rosa,Victor Rosa
Marcelo Serrado,Marcelo Serrado
João Wainer,João Wainer
Guilherme Pestana,Guilherme Pestana
Andressa Iremex Apinajé,Andressa Iremex Apinajé
Marilza Martins da Silva,Marilza Martins da Silva
Leandro Gomes,Leandro Gomes
Praia da Saudade,Praia da Saudade
Mônica Rodrigues,Mônica Rodrigues
Ricardo Juper,Ricardo Juper
Marcell Squenine,Marcell Squenine
Bruno Kenzo Yui,Bruno Kenzo Yui
Lanne Trindade,Lanne Trindade
Eduarda,Eduarda
Ennio Torresan Jr.,Ennio Torresan Jr.
Ângelo Antônio,Ângelo Antônio
Mannu Costa,Mannu Costa
[Untitled Project],[Untitled Project]
Letícia Hayashi,Letícia Hayashi
Vitória Teixeira,Vitória Teixeira
Rafael Gomes,Rafael Gomes
Felipe de João,Felipe de João
Paula Vanina Cencig,Paula Vanina Cencig
Marina Shirakawa Costa,Marina Shirakawa Costa
Giovana Morais,Giovana Morais
Maria Eduarda,Maria Eduarda
JLZ,JLZ
Erick Santana,Erick Santana
Paulo Lins,Paulo Lins
Felipe Rabelo,Felipe Rabelo
Dilsinho,Dilsinho
Raphael Motta,Raphael Motta
Mr. Dan,Mr. Dan
Lucas Pretti,Lucas Pretti
Claryssa Almeida,Claryssa Almeida
Água Rasa,Água Rasa
Enzo Hofmann,Enzo Hofmann
Corin Tiziano,Corin Tiziano
Caroline Favotto,Caroline Favotto
Ana Castro,Ana Castro
Rei da Ciranda Pesada,Rei da Ciranda Pesada
Maria d'Aires,Maria d'Aires
Fernando Severo,Fernando Severo
Prisioneiros,Prisioneiros
Sérgio Machado,Sérgio Machado
Rodrigo Fernandes,Rodrigo Fernandes
Jesus Dantas,Jesus Dantas
Laura Nepomuceno,Laura Nepomuceno
ALIVE,ALIVE
Eduardo Antunes,Eduardo Antunes
Renato Novaes,Renato Novaes
Mauricio de Sousa,Mauricio de Sousa
Giulia Collet,Giulia Collet
Bruno Fredes,Bruno Fredes
Clyza Sales,Clyza Sales
Douglas Tubarão,Douglas Tubarão
Gabriel Berretta,Gabriel Berretta
Carmen Agulham,Carmen Agulham
Chico Xavier,Chico Xavier
Ana Julia Costa,Ana Julia Costa
Isis de Jesus,Isis de Jesus
Gustavo Casabona,Gustavo Casabona
Trindade,Trindade
Bella Oliveira,Bella Oliveira
Leonardo A. Andrade,Leonardo A. Andrade
Thales Pedote,Thales Pedote
Letícia Braga,Letícia Braga
Laura Miritz,Laura Miritz
Alejandro Cañer,Alejandro Cañer
Arthur Chamon,Arthur Chamon
Carlos Henrique,Carlos Henrique
Gabriel Viana,Gabriel Viana
Nicollas Witzel,Nicollas Witzel
Martha Mariot,Martha Mariot
Filipe Garcia,Filipe Garcia
Marlene Moreira,Marlene Moreira
Yla,Yla
Tali Miranda,Tali Miranda
Luara Hildebrand,Luara Hildebrand
MC MJ,MC MJ
Rodrigo Pépe,Rodrigo Pépe
Davi Lucas T. Loreto,Davi Lucas T. Loreto
Vivian Perl,Vivian Perl
Yago Alves,Yago Alves
Alexandre Rogoski,Alexandre Rogoski
Luccas Neto,Luccas Neto
Luiza Garcia,Luiza Garcia
Juliana de Andrade,Juliana de Andrade
Wellington Sari,Wellington Sari
Bárbara Santos,Bárbara Santos
"Salut, mes ami.e.s!","Salut, mes ami.e.s!"
Lula Queiroga,Lula Queiroga
Danni Tocci,Danni Tocci
Nando Brandão,Nando Brandão
Marcos Broa,Marcos Broa
Mira Katz,Mira Katz
Kauê Trindade,Kauê Trindade
Jéssica Vassaitis,Jéssica Vassaitis
Nícolas Martins,Nícolas Martins
I wasn't born for this,I wasn't born for this
João Atala,João Atala
Beto Leite,Beto Leite
Gloria Groove,Gloria Groove
Marilaine Castro da Costa,Marilaine Castro da Costa
Rafaela Bernardazzi,Rafaela Bernardazzi
Jácylla Kennya,Jácylla Kennya
Helena Ignez,Helena Ignez
Amanda Bortolo,Amanda Bortolo
Lucas Albuquerque,Lucas Albuquerque
Welington Matos,Welington Matos
Ana Laura Heidorn,Ana Laura Heidorn
Ivich,Ivich
Luana Varela,Luana Varela
Filipa Reis,Filipa Reis
Ana Paula Leal,Ana Paula Leal
Daniel Bones,Daniel Bones
Carlos Abreu,Carlos Abreu
Pedro Rino Kiyoto,Pedro Rino Kiyoto
Bruna Viola,Bruna Viola
Adriana Yañez,Adriana Yañez
Adonel Junior,Adonel Junior
Fernanda Carbonera,Fernanda Carbonera
Suzana de Moraes,Suzana de Moraes
Mike Souza,Mike Souza
Nego do Pandeiro,Nego do Pandeiro
Anna Clara González,Anna Clara González
Felipe Reis,Felipe Reis
Fran Landhin,Fran Landhin
Ana Luiza Penna,Ana Luiza Penna
Clara Monteiro,Clara Monteiro
Renan Moreira,Renan Moreira
Grandpa Online,Grandpa Online
Cláudia Raggi Abikair,Cláudia Raggi Abikair
Eduardo Mikio,Eduardo Mikio
Arthur Agostini,Arthur Agostini
Arthur Borza,Arthur Borza
Michel o Puro,Michel o Puro
Anna Mol,Anna Mol
Leonardo Fonseca,Leonardo Fonseca
Julio Deunier,Julio Deunier
George Walker Torres,George Walker Torres
Caio Freitas,Caio Freitas
Lázaro Ramos,Lázaro Ramos
Pedro Casali,Pedro Casali
Francisco,Francisco
A Propósito de Harry,A Propósito de Harry
Gal Buitoni,Gal Buitoni
Natalia Carrera,Natalia Carrera
Dyovana Santos,Dyovana Santos
Marcelo Callado,Marcelo Callado
Pedro Pupo,Pedro Pupo
Lucy Venturim,Lucy Venturim
Grazi Caetano,Grazi Caetano
Xande Valois,Xande Valois
Indi Gregório,Indi Gregório
Noel Rosa,Noel Rosa
Daniel Rubinger,Daniel Rubinger
Bizarre Fish from the Abyssal Zone,Bizarre Fish from the Abyssal Zone
Elizabeth Marinho,Elizabeth Marinho
Renan Balbino,Renan Balbino
Sophia Cabral,Sophia Cabral
Nathan Brito,Nathan Brito
Mariana do Prado,Mariana do Prado
Salgadinho,Salgadinho
Bruno Tadeu,Bruno Tadeu
Ferrugem,Ferrugem
Guilherme Farkas,Guilherme Farkas
Ana Alves,Ana Alves
Treasures of the Trade,Treasures of the Trade
Ludmylla Bonfim,Ludmylla Bonfim
Vinícius Leite,Vinícius Leite
Thati Lopes,Thati Lopes
Rute Vianna,Rute Vianna
Leo Castro,Leo Castro
Daniel Monjardim,Daniel Monjardim
Priscila Nascimento,Priscila Nascimento
Felipe Sabino,Felipe Sabino
Victor Hugo Cruz Freire,Victor Hugo Cruz Freire
Giovana Marqueto,Giovana Marqueto
Ariel Gustsack,Ariel Gustsack
Lele,Lele
Luana Giacon,Luana Giacon
Glockdi,Glockdi
Luciano Luppi,Luciano Luppi
Auber Silva,Auber Silva
Marc Bell,Marc Bell
Luiza Helena Alves,Luiza Helena Alves
Kayky Brito,Kayky Brito
Nikolae Marschall,Nikolae Marschall
Matheus Miranda,Matheus Miranda
Maria Carlota Bruno,Maria Carlota Bruno
Ytalo Ferreira,Ytalo Ferreira
Eduardo Rocha,Eduardo Rocha
Luíze Câmara,Luíze Câmara
Victor Hugo de Aquino,Victor Hugo de Aquino
Anna Zêpa,Anna Zêpa
Alexandre de Moraes,Alexandre de Moraes
Marília Cunha,Marília Cunha
Renato Ogata,Renato Ogata
Lucas Buli,Lucas Buli
Luke Neto,Luke Neto
Edson Celulari,Edson Celulari
Sarah Hellen,Sarah Hellen
Christiano Metri,Christiano Metri
Amaury Meireles,Amaury Meireles
Marcos Lopes,Marcos Lopes
Paulo Silver,Paulo Silver
Arnaldo Mesquita,Arnaldo Mesquita
Wamã Mekarõ,Wamã Mekarõ
Maria Clara de Aguiar,Maria Clara de Aguiar
Guilherme Franco,Guilherme Franco
Daniel dos Santos,Daniel dos Santos
Ricky Hiraoka,Ricky Hiraoka
Lia Rezende,Lia Rezende
Fernanda Rodrigues,Fernanda Rodrigues
Theo Guerreiro,Theo Guerreiro
Alguma hora da madrugada,Alguma hora da madrugada
Walter Salles,Walter Salles
Maria Thereza De Paula,Maria Thereza De Paula
Alessandro Pereira,Alessandro Pereira
Marina Gadelha,Marina Gadelha
Wagner de Assis,Wagner de Assis
José Cesar,José Cesar
Palhaço It o Terror dos Bailes,Palhaço It o Terror dos Bailes
Lucília Raimundo,Lucília Raimundo
Beats Digging Ditches,Beats Digging Ditches
Cica Moura,Cica Moura
Lucas Santana,Lucas Santana
Felipe Soares,Felipe Soares
Francisco Edmisio da Silva,Francisco Edmisio da Silva
Gabriele Marques,Gabriele Marques
Richard Tavares,Richard Tavares
Evas Carretero,Evas Carretero
Nivaldo Rodrigues,Nivaldo Rodrigues
Pedro Guindani,Pedro Guindani
Ricardo Steff,Ricardo Steff
David Andrade,David Andrade
Dan Gunn,Dan Gunn
Roger,Roger
Lucas César Rios,Lucas César Rios
Vinícius Dratovsky,Vinícius Dratovsky
Flávia Garrafa,Flávia Garrafa
MC IGap,MC IGap
Maísa Cavalcanti,Maísa Cavalcanti
Sophia Valverde,Sophia Valverde
Isabelle Pinto,Isabelle Pinto
Luiza Ferraz,Luiza Ferraz
Príncipe Lu e a Lenda do Dragão,Príncipe Lu e a Lenda do Dragão
Mumuzinho,Mumuzinho
Bianca Tracanella,Bianca Tracanella
Fernanda Fernandes,Fernanda Fernandes
Giovanna Morais,Giovanna Morais
Athos Rubim,Athos Rubim
Luzia Di Resende,Luzia Di Resende
The Bike Guy's Chronicle,The Bike Guy's Chronicle
Júlia Santiago,Júlia Santiago
Emi Melnik,Emi Melnik
Adriano Gobbi,Adriano Gobbi
Rafael Isoppo,Rafael Isoppo
Maria Cecília,Maria Cecília
Fale Baixinho,Fale Baixinho
Luciana Paes,Luciana Paes
Getúlio Ribeiro,Getúlio Ribeiro
Leandro Olímpio,Leandro Olímpio
Carol Gesser,Carol Gesser
Maiteux Zanela,Maiteux Zanela
Lucas Manuel Alves dos Santos,Lucas Manuel Alves dos Santos
Diá d'Santana,Diá d'Santana
Luciano Pedro Jr.,Luciano Pedro Jr.
Danilo França,Danilo França
Heloísa Marshall,Heloísa Marshall
Elias Andreato,Elias Andreato
Claudio P. Rozin,Claudio P. Rozin
Lívia Pimentel,Lívia Pimentel
Vinicius de Moraes,Vinicius de Moraes
Raul da Silva,Raul da Silva
Victor Savignon de Araujo,Victor Savignon de Araujo
Mariana Luiza,Mariana Luiza
Tais Medeiros,Tais Medeiros
Lucas Arenhardt,Lucas Arenhardt
Moysés Victorino,Moysés Victorino
Gabriel Silva Santos,Gabriel Silva Santos
DJ Dayeh,DJ Dayeh
Victor Quintanilha,Victor Quintanilha
Câmera,Câmera
Clerio Dornell,Clerio Dornell
SULAMITA MC DA ROCHA,SULAMITA MC DA ROCHA
Ana Luiza Siqueira,Ana Luiza Siqueira
Beatriz Almeida,Beatriz Almeida
Ana Vitória Araújo,Ana Vitória Araújo
Eduardo Nobrega,Eduardo Nobrega
Mariana Milholo,Mariana Milholo
Lívia C. Soares,Lívia C. Soares
Vinicius Colares,Vinicius Colares
Heitor Cossito,Heitor Cossito
Noite Neon,Noite Neon
Alice Morais,Alice Morais
Zeca Esperança,Zeca Esperança
Renan Távora Soares,Renan Távora Soares
All The Better To Hear You With,All The Better To Hear You With
Célia Bombom,Célia Bombom
Victoria Regina,Victoria Regina
Maria Lucia da Silva Lima,Maria Lucia da Silva Lima
LUCAS MARlNHO,LUCAS MARlNHO
Fernanda Selva,Fernanda Selva
Ryan Cavalcante,Ryan Cavalcante
Nicollas Truffa,Nicollas Truffa
Iago Pensky,Iago Pensky
Ary Toledo: Cê Senta,Ary Toledo: Cê Senta
Afonso Presto,Afonso Presto
Pitica and the Perfect Sandwich,Pitica and the Perfect Sandwich
Ronaldo Dimmer,Ronaldo Dimmer
Valdemir Matias Gomes,Valdemir Matias Gomes
Jónatas Freire Giordano,Jónatas Freire Giordano
Jão,Jão
Cibele Tomaz,Cibele Tomaz
Sorriso Maroto,Sorriso Maroto
Tributo: Ary Fontoura,Tributo: Ary Fontoura
Pedro Henrique,Pedro Henrique
(Re)Encontros - Akupӯnh awjanã,(Re)Encontros - Akupӯnh awjanã
Tony Tiger,Tony Tiger
Valeria Schumann Rosso,Valeria Schumann Rosso
Rajsekhar Meesala,Rajsekhar Meesala
Pedro Sotero,Pedro Sotero
O gato voador,O gato voador
Kila & Mauna,Kila & Mauna
Natália Cardoso,Natália Cardoso
Marcus Vinícius,Marcus Vinícius
Jully Mariano,Jully Mariano
Sidarta Ribeiro,Sidarta Ribeiro
Helena Freitas,Helena Freitas
Douglas Amorim,Douglas Amorim
Zé Victor Castiel,Zé Victor Castiel
Julia Araújo,Julia Araújo
MC Menor Vilão,MC Menor Vilão
Marciano Sanca,Marciano Sanca
Gregório Duvivier,Gregório Duvivier
Miguel Clark,Miguel Clark
José Trassi,José Trassi
Rewind,Rewind
Pedro Urano,Pedro Urano
Mafê Crepaldi,Mafê Crepaldi
Giovanna Castilho,Giovanna Castilho
Carolina Amaral,Carolina Amaral
Wilma Machado,Wilma Machado
André Novis,André Novis
Nizagi Donaciano,Nizagi Donaciano
Juliana Soares,Juliana Soares
rømã,rømã
Lino Colantoni,Lino Colantoni
Vinicius Neves,Vinicius Neves
Bruce Barbosa,Bruce Barbosa
Ari Vargas,Ari Vargas
Manda Ramoos,Manda Ramoos
Rusi Millán Pastori,Rusi Millán Pastori
Igor Silveira,Igor Silveira
Eu Faço Loucuras por Você,Eu Faço Loucuras por Você
DJ Thuppá,DJ Thuppá
Rafaella Narciso,Rafaella Narciso
Luciely Santos,Luciely Santos
Débora Ivanov,Débora Ivanov
Muriel Cruz,Muriel Cruz
Vinícius Mendes,Vinícius Mendes
Vanessa Garcia,Vanessa Garcia
Everaldo Pontes,Everaldo Pontes
Gabriel Kudla,Gabriel Kudla
Lincoln Péricles,Lincoln Péricles
Leonardo Bulhões,Leonardo Bulhões
Otávio Santos,Otávio Santos
Werner Schünneman,Werner Schünneman
Agamenon Bomfim de Abreu,Agamenon Bomfim de Abreu
Raane Myrtle,Raane Myrtle
Fernando Mendes,Fernando Mendes
Roubar um Plano,Roubar um Plano
Thiaguinho,Thiaguinho
Ana Beatriz de Castilho Bonini,Ana Beatriz de Castilho Bonini
Marcio Papel,Marcio Papel
Rafaela Bocchi,Rafaela Bocchi
Nica Maleoa,Nica Maleoa
Gianluca Cozza,Gianluca Cozza
Luis Erlanger,Luis Erlanger
PARAPRONOIA,PARAPRONOIA
Essa moça,Essa moça
Vitor Hugo Sales,Vitor Hugo Sales
Harry Crowl,Harry Crowl
Alice Braga,Alice Braga
Eloisa Soares,Eloisa Soares
Marina Contrucci,Marina Contrucci
Antonio Pedroni,Antonio Pedroni
André Piascentini Feitosa,André Piascentini Feitosa
Matheus Abreu,Matheus Abreu
Dionata Mosley,Dionata Mosley
Clara Silva,Clara Silva
Felipe Larozza,Felipe Larozza
Isabella Brêtas,Isabella Brêtas
Luiza Varella,Luiza Varella
Juliane Arguello,Juliane Arguello
Lya Novaes,Lya Novaes
Paixão Sinistra,Paixão Sinistra
Guilherme Briggs,Guilherme Briggs
Jany Santos,Jany Santos
Bárbaro Xavier,Bárbaro Xavier
NAGANO,NAGANO
Daniel Barosa,Daniel Barosa
Freira a Terrorista dos Bailes,Freira a Terrorista dos Bailes
Rafael Sieg,Rafael Sieg
Isabela Lisboa,Isabela Lisboa
Alexandra Dutra,Alexandra Dutra
Iafa Britz,Iafa Britz
Anajú Dorigon,Anajú Dorigon
Enzo Cortinove Gomes,Enzo Cortinove Gomes
Tadeu Mello,Tadeu Mello
Louisa Savignon,Louisa Savignon
Alois Di Leo,Alois Di Leo
Felipe Corrêa,Felipe Corrêa
Catapreta,Catapreta
Douglas Barbosa,Douglas Barbosa
Pedro Estrada,Pedro Estrada
Amanda Freitas,Amanda Freitas
I Can't Do Nothing,I Can't Do Nothing
Luiz Augusto de Queiroz,Luiz Augusto de Queiroz
Fernanda Boacnin,Fernanda Boacnin
Gustavo Miguel,Gustavo Miguel
Juliana Neves,Juliana Neves
Jeniffer Dias,Jeniffer Dias
Larissa Penna,Larissa Penna
Anderson Simão,Anderson Simão
Gustavo Zysman Nascimento,Gustavo Zysman Nascimento
Madalena Baptista,Madalena Baptista
Guilherme Gerais,Guilherme Gerais
Where Judas Stole the Boots,Where Judas Stole the Boots
Pirisca Grecco,Pirisca Grecco
Soneca e Jupa,Soneca e Jupa
Felipe Boleli,Felipe Boleli
Renza Luiza,Renza Luiza
Álvaro Starling,Álvaro Starling
Rayssa Rodrigues,Rayssa Rodrigues
Lalo Homrich,Lalo Homrich
Julia Baltar,Julia Baltar
Érika Rocha,Érika Rocha
Raiany Simões,Raiany Simões
Corina Santiago,Corina Santiago
Leda Maria Cozer Abreu,Leda Maria Cozer Abreu
Isadora Wilkinson,Isadora Wilkinson
Gabriela Tocchio,Gabriela Tocchio
Raoni. A descida do povo mebengôkre na terra.,Raoni. A descida do povo mebengôkre na terra.
Ariadne Selene,Ariadne Selene
Iasmim Millena,Iasmim Millena
Othon Bastos,Othon Bastos
Alessandro Monnerat,Alessandro Monnerat
Cavi Borges,Cavi Borges
Daniel Pirola,Daniel Pirola
Prazer da Esfiha,Prazer da Esfiha
Pedro Rodero,Pedro Rodero
Fábio Santos,Fábio Santos
Helena Ungaretti,Helena Ungaretti
Rogério Fróes,Rogério Fróes
Leonardo Frederico,Leonardo Frederico
Otávio Vassão,Otávio Vassão
Flávia Monteiro,Flávia Monteiro
Nathália Paiva,Nathália Paiva
Henrique Canazart,Henrique Canazart
Arthur Filipe Costa,Arthur Filipe Costa
Thiago Justino,Thiago Justino
DJ K,DJ K
Mary Shelley,Mary Shelley
Fran Camilo,Fran Camilo
Ruth Oliveira,Ruth Oliveira
Luanna Bravo,Luanna Bravo
Formosa Beach,Formosa Beach
Vitória Labrudi,Vitória Labrudi
Vincenzo Latronico,Vincenzo Latronico
Ian Braga,Ian Braga
Henrique Cremonezzi,Henrique Cremonezzi
Gustavo Pessoa,Gustavo Pessoa
Luiz Gadelha,Luiz Gadelha
Edvana Carvalho,Edvana Carvalho
Ana Luísa Amaral,Ana Luísa Amaral
Ausência,Ausência
Thiago Venturi,Thiago Venturi
Celina Araújo,Celina Araújo
Marina Stuchi,Marina Stuchi
Quem eu quero ser,Quem eu quero ser
Tod Wodicka,Tod Wodicka
REGISTRANDO O TEMPO,REGISTRANDO O TEMPO
Leandro Neri,Leandro Neri
Ana Paula Cardoso,Ana Paula Cardoso
Clara Lindorfer,Clara Lindorfer
Bruna Linzmeyer,Bruna Linzmeyer
Giovanna Chaves,Giovanna Chaves
Rodrigo Dorado,Rodrigo Dorado
William Lima,William Lima
Daniel Brito,Daniel Brito
Sérgio Salum,Sérgio Salum
Roberto Bezerra,Roberto Bezerra
Caio De,Caio De
Victória Citton,Victória Citton
Ana Luiza Pereira,Ana Luiza Pereira
Ricardo Reis,Ricardo Reis
Paloma Merched,Paloma Merched
Venkata Kiran Kumar,Venkata Kiran Kumar
Tainá Lima,Tainá Lima
Phablo Barreto,Phablo Barreto
Maria Bopp,Maria Bopp
Erik Clementino,Erik Clementino
Lucas Guerra,Lucas Guerra
Matsipaya Waura Txucarramãe,Matsipaya Waura Txucarramãe
Pedro Walisson,Pedro Walisson
Jackeline Nunes,Jackeline Nunes
Alessandra Negrini,Alessandra Negrini
Jús Saraiva,Jús Saraiva
Bruno C. Hanstenreiter,Bruno C. Hanstenreiter
Patricia Lopes,Patricia Lopes
Gustavo Amado,Gustavo Amado
Marina Morais,Marina Morais
Gustavo Lins,Gustavo Lins
Pedro Garcia,Pedro Garcia
Em meus sonhos eu posso tocar o céu,Em meus sonhos eu posso tocar o céu
Igor Jair Fernandes,Igor Jair Fernandes
P.C. Azevedo,P.C. Azevedo
Melina Leal Galante,Melina Leal Galante
Junior Santos,Junior Santos
Sophia Victória,Sophia Victória
Hamilton Oliveira,Hamilton Oliveira
Nico Costa,Nico Costa
Giovanna Olivieri,Giovanna Olivieri
Rafaela Araujo,Rafaela Araujo
Paulo Rosa,Paulo Rosa
Monalisa,Monalisa
Joedson Silva,Joedson Silva
Larissa Maciel,Larissa Maciel
Amanda Buzatti,Amanda Buzatti
Lílis Soares,Lílis Soares
Thales Miranda,Thales Miranda
Fabiano Gullane,Fabiano Gullane
Paulo Halm,Paulo Halm
Maju Hortêncio,Maju Hortêncio
Arthur Amaral,Arthur Amaral
Artur Vinicius,Artur Vinicius
Lauri Costa,Lauri Costa
Emilie Lesclaux,Emilie Lesclaux
Gabriela Biló,Gabriela Biló
Bianca Vernechio,Bianca Vernechio
Matheus Luz,Matheus Luz
Chrigor Lisboa,Chrigor Lisboa
Marina Eduarda,Marina Eduarda
Bianca Martins,Bianca Martins
Samuel Cabral,Samuel Cabral
Negro Leo,Negro Leo
Chucky Assassino dos Bailes,Chucky Assassino dos Bailes
Clarice Duo,Clarice Duo
Marcos Júnio,Marcos Júnio
Raquel Higa,Raquel Higa
Helenna Dias,Helenna Dias
Julio Taubkin,Julio Taubkin
Frederico Benevides,Frederico Benevides
Dedé Maia,Dedé Maia
Daniel Guimarães,Daniel Guimarães
Thomaz Toffanetto,Thomaz Toffanetto
Luana Oliveira,Luana Oliveira
Kokokaroti Txucarramãe,Kokokaroti Txucarramãe
Sara Fonseca,Sara Fonseca
Vinícius Couti,Vinícius Couti
Marcel Costa,Marcel Costa
João Gabriel Riveres,João Gabriel Riveres
Marcus Neves,Marcus Neves
Guilherme Oliveira,Guilherme Oliveira
Thaynara Bromenchenkel,Thaynara Bromenchenkel
Natiê Cortez,Natiê Cortez
Ana Saito,Ana Saito
Karol Peixoto,Karol Peixoto
Momô de Oliveira,Momô de Oliveira
Turma da Mônica Jovem: Reflexos do Medo,Turma da Mônica Jovem: Reflexos do Medo
Ellen Barbosa,Ellen Barbosa
Jotapê Mafra,Jotapê Mafra
Guilherme Mortean,Guilherme Mortean
Rose Canal,Rose Canal
Tropical Paths,Tropical Paths
Graciela Martins,Graciela Martins
Igor Blundi,Igor Blundi
Gabriel Almeida,Gabriel Almeida
Fellipe Paixão,Fellipe Paixão
Odara Evans,Odara Evans
Pablo Torrecillas,Pablo Torrecillas
Diana Fidari,Diana Fidari
Abrahão Souza,Abrahão Souza
Miguel Carreto,Miguel Carreto
Kauã Borges,Kauã Borges
Pedro Ydac,Pedro Ydac
José Rubens Chachá,José Rubens Chachá
Sama Rouhani,Sama Rouhani
Samuel Vieira,Samuel Vieira
Tadeu Vieira,Tadeu Vieira
DJ Vilão DS,DJ Vilão DS
Kerolayne Reis,Kerolayne Reis
Vanda Duarte,Vanda Duarte
Camila Lucciola,Camila Lucciola
The outside is inside,The outside is inside
Bruna Nery,Bruna Nery
Hugo Zé,Hugo Zé
Alice Gomes,Alice Gomes
Lauren Mattiazzi Dilli,Lauren Mattiazzi Dilli
Lorena Corrêa,Lorena Corrêa
Tati W. Franklin,Tati W. Franklin
Ingrid Dupont,Ingrid Dupont
Catarina goncalves,Catarina goncalves
Yann Enrico,Yann Enrico
Arthur Warren,Arthur Warren
Julia Duailibi,Julia Duailibi
Juan Francelino,Juan Francelino
Antonia Soares,Antonia Soares
Letícia Catala,Letícia Catala
Glauber Rocha,Glauber Rocha
Natasha Savignon,Natasha Savignon
Ana Karina Barbieri,Ana Karina Barbieri
Vinicius Prado Martins,Vinicius Prado Martins
MC Guh B13,MC Guh B13
Lucas Camargo de Barros,Lucas Camargo de Barros
Diogo Ferreira,Diogo Ferreira
Raphael Dias,Raphael Dias
DJ Ninow 013,DJ Ninow 013
Helcio Hime,Helcio Hime
Felipe Liscano,Felipe Liscano
Rafael Bagnara,Rafael Bagnara
Louise D'Tuani,Louise D'Tuani
Douglas Mattaüs,Douglas Mattaüs
Manuel Lopes,Manuel Lopes
Dandara Machado de Lima,Dandara Machado de Lima
Felipe Andolpho,Felipe Andolpho
Henrique Staino,Henrique Staino
Gustavo Rayner,Gustavo Rayner
Laura Castor,Laura Castor
Ju Colombo,Ju Colombo
MaClá,MaClá
love love eutanásia,love love eutanásia
Yuma Ono,Yuma Ono
Lucas Oliveira,Lucas Oliveira
Rosilane Camargo Motta,Rosilane Camargo Motta
Cristina Maure,Cristina Maure
Regina Negrini,Regina Negrini
Gabriel Cardoso,Gabriel Cardoso
Tiago Tereza,Tiago Tereza
Geovani Montalvão,Geovani Montalvão
Rosario Boyer,Rosario Boyer
Luiz Pretti,Luiz Pretti
Renan Rodsan,Renan Rodsan
Juliana Santos,Juliana Santos
Caetano Grippo,Caetano Grippo
Fernando Zuccolotto,Fernando Zuccolotto
Péricles,Péricles
Pedro Giongo,Pedro Giongo
Guilherme Henrique Alves,Guilherme Henrique Alves
Júlio Pereira,Júlio Pereira
Guilherme Conceição,Guilherme Conceição
Petrus Pacheco,Petrus Pacheco
Marão,Marão
Anielle Paolo,Anielle Paolo
Theo Hipólito,Theo Hipólito
Maria Volpe,Maria Volpe
Pietro Lírio,Pietro Lírio
Carol Fonseca,Carol Fonseca
Adriano,Adriano
Camila Medina,Camila Medina
Jennifer Lorrane,Jennifer Lorrane
Natália Dornelas,Natália Dornelas
"Ekedji, aquela que cuida","Ekedji, aquela que cuida"
O Hóspede,O Hóspede
Coletivo Pisquinhos,Coletivo Pisquinhos
Gabriel Oliveira,Gabriel Oliveira
Eleonora Loner,Eleonora Loner
Clara Nicácio,Clara Nicácio
Lucas Silva,Lucas Silva
Gabriel Albuquerque,Gabriel Albuquerque
Tato,Tato
Off-Line,Off-Line
Jão: SuperTurnê ao Vivo,Jão: SuperTurnê ao Vivo
Leo Bulhões,Leo Bulhões
Estevão Nogueira,Estevão Nogueira
Jerff Almeida,Jerff Almeida
Lumi,Lumi
Tânia Maria,Tânia Maria
Laura Vicente,Laura Vicente
Evelin da Rosa Thomaz,Evelin da Rosa Thomaz
Ancelmo Lima,Ancelmo Lima
Clara Santos,Clara Santos
Cinthya de Oliveira,Cinthya de Oliveira
Lincoln Camargo,Lincoln Camargo
Isabel Novaes,Isabel Novaes
Anderson Leal,Anderson Leal
Kaiki P. Borges,Kaiki P. Borges
Ana Carolina Marinho,Ana Carolina Marinho
Letícia Bassit,Letícia Bassit
Rodrigo Goulart,Rodrigo Goulart
Ana Maria Abreu,Ana Maria Abreu
Givaldo Filho,Givaldo Filho
A Árvore,A Árvore
Pablo H,Pablo H
Marvvila,Marvvila
Rafael Neri,Rafael Neri
Manuela Nunes,Manuela Nunes
Heinz Prellwitz,Heinz Prellwitz
Sérgio Guilherme,Sérgio Guilherme
Leonardo da Rosa,Leonardo da Rosa
DJ Hary,DJ Hary
Gustavo Ramos Ribeiro,Gustavo Ramos Ribeiro
Janaina Afhonso,Janaina Afhonso
Luyza Leite,Luyza Leite
Lucas Spada,Lucas Spada
Flavio de Castro Barboza,Flavio de Castro Barboza
Avi Alpert,Avi Alpert
Patrícia Heit,Patrícia Heit
jorge mendez,jorge mendez
José Luiz Lehmen,José Luiz Lehmen
Dani Drumond,Dani Drumond
Gabriela Amaral,Gabriela Amaral
Rodrigo Meireles,Rodrigo Meireles
Amanda Vallejos,Amanda Vallejos
Henrique Neves,Henrique Neves
Ed Roberto,Ed Roberto
Maria Mourenço,Maria Mourenço
Christopher Faust,Christopher Faust
Seu Jorge,Seu Jorge
Márcia Duarte,Márcia Duarte
Giulia Benite,Giulia Benite
Guilherme Augusto,Guilherme Augusto
Alysson M. Mussolin,Alysson M. Mussolin
Rafael da Silva,Rafael da Silva
Luiza Paiva,Luiza Paiva
Te Vejo Na Chuva,Te Vejo Na Chuva
Francisco Silva,Francisco Silva
Marisa Pires Nogueira,Marisa Pires Nogueira
Estevão Barbiéri Amaral,Estevão Barbiéri Amaral
Luanderson Overissimo,Luanderson Overissimo
Laura Braz,Laura Braz
Rafael Borba,Rafael Borba
Uber - Aplicatio Móvel,Uber - Aplicatio Móvel
Heleno Junio,Heleno Junio
cleozinhu,cleozinhu
Erlene Melo,Erlene Melo
Morghana Paz,Morghana Paz
Arad,Arad
Erick Fernando,Erick Fernando
João Victor Patricio,João Victor Patricio
Frederico Alcantara,Frederico Alcantara
Cecília,Cecília
Guilherme Suman,Guilherme Suman
Apples in the Dark,Apples in the Dark
Feelings,Feelings
Heloísa Périssé,Heloísa Périssé
Meibe Rodrigues,Meibe Rodrigues
Sara Nichio,Sara Nichio
Ana Laura Negro,Ana Laura Negro
Samuel Fávero,Samuel Fávero
Edson Aquino,Edson Aquino
Marcos Kligman,Marcos Kligman
Yago Guedes,Yago Guedes
Heli Canavezi,Heli Canavezi
Ruan Souza,Ruan Souza
Altar,Altar
Lucas Alexandre,Lucas Alexandre
Luis Cipullo,Luis Cipullo
João Pedro Diniz,João Pedro Diniz
Guilherme Ruggio,Guilherme Ruggio
Juliana Reichow,Juliana Reichow
Lucas Gabriel,Lucas Gabriel
Luã Ériclis,Luã Ériclis
Rodriguinho,Rodriguinho
Theo Salomão,Theo Salomão
Sasha Lazarev,Sasha Lazarev
Gustavo Castro,Gustavo Castro
Liliane Mutti,Liliane Mutti
Rafael Sufoco,Rafael Sufoco
Marcelo Junqueira,Marcelo Junqueira
Wanderson Mensonça,Wanderson Mensonça
Anselmo Duarte,Anselmo Duarte
The Silence of Iron,The Silence of Iron
Saulo Adrian,Saulo Adrian
LADES,LADES
Edvaldu Neto,Edvaldu Neto
Júlia Teles,Júlia Teles
Povo da Floresta,Povo da Floresta
Matheus Moura,Matheus Moura
Dominic Melo,Dominic Melo
Anderson Cruz de Almeida,Anderson Cruz de Almeida
Rodrigo de Marsillac,Rodrigo de Marsillac
Adrielle Figueró,Adrielle Figueró
Rafa Muller,Rafa Muller
Yohana Lazarova,Yohana Lazarova
Paulo Sloboda,Paulo Sloboda
Érica Sarmet,Érica Sarmet
Ariel Barcelos,Ariel Barcelos
Maurício Ramos,Maurício Ramos
Lucas Lyrio,Lucas Lyrio
Ary Toledo,Ary Toledo
Jessica Roberts,Jessica Roberts
Thiago Pombo,Thiago Pombo